Jurisdiction,Value,Race/ ethnicity,Year,Measure
State,9.3,All races/ethnicities (aggregated),2015-2017,Suicide rate
Allegany,,All races/ethnicities (aggregated),2015-2017,Suicide rate
Anne Arundel,12.1,All races/ethnicities (aggregated),2015-2017,Suicide rate
Baltimore City,8.2,All races/ethnicities (aggregated),2015-2017,Suicide rate
Baltimore County,9.7,All races/ethnicities (aggregated),2015-2017,Suicide rate
Calvert,,All races/ethnicities (aggregated),2015-2017,Suicide rate
Caroline,,All races/ethnicities (aggregated),2015-2017,Suicide rate
Carroll,13.1,All races/ethnicities (aggregated),2015-2017,Suicide rate
Cecil,,All races/ethnicities (aggregated),2015-2017,Suicide rate
Charles,,All races/ethnicities (aggregated),2015-2017,Suicide rate
Dorchester,,All races/ethnicities (aggregated),2015-2017,Suicide rate
Frederick,10.3,All races/ethnicities (aggregated),2015-2017,Suicide rate
Garrett,,All races/ethnicities (aggregated),2015-2017,Suicide rate
Harford,10.7,All races/ethnicities (aggregated),2015-2017,Suicide rate
Howard,8.0,All races/ethnicities (aggregated),2015-2017,Suicide rate
Kent,,All races/ethnicities (aggregated),2015-2017,Suicide rate
Montgomery,6.8,All races/ethnicities (aggregated),2015-2017,Suicide rate
Prince George's,5.7,All races/ethnicities (aggregated),2015-2017,Suicide rate
Queen Anne's,,All races/ethnicities (aggregated),2015-2017,Suicide rate
Saint Mary's,,All races/ethnicities (aggregated),2015-2017,Suicide rate
Somerset,,All races/ethnicities (aggregated),2015-2017,Suicide rate
Talbot,,All races/ethnicities (aggregated),2015-2017,Suicide rate
Washington,15.4,All races/ethnicities (aggregated),2015-2017,Suicide rate
Wicomico,,All races/ethnicities (aggregated),2015-2017,Suicide rate
Worcester,,All races/ethnicities (aggregated),2015-2017,Suicide rate
State,5.1,Black Non-Hispanic,2015-2017,Suicide rate
Allegany,,Black Non-Hispanic,2015-2017,Suicide rate
Anne Arundel,,Black Non-Hispanic,2015-2017,Suicide rate
Baltimore City,6.5,Black Non-Hispanic,2015-2017,Suicide rate
Baltimore County,,Black Non-Hispanic,2015-2017,Suicide rate
Calvert,,Black Non-Hispanic,2015-2017,Suicide rate
Caroline,,Black Non-Hispanic,2015-2017,Suicide rate
Carroll,,Black Non-Hispanic,2015-2017,Suicide rate
Cecil,,Black Non-Hispanic,2015-2017,Suicide rate
Charles,,Black Non-Hispanic,2015-2017,Suicide rate
Dorchester,,Black Non-Hispanic,2015-2017,Suicide rate
Frederick,,Black Non-Hispanic,2015-2017,Suicide rate
Garrett,,Black Non-Hispanic,2015-2017,Suicide rate
Harford,,Black Non-Hispanic,2015-2017,Suicide rate
Howard,,Black Non-Hispanic,2015-2017,Suicide rate
Kent,,Black Non-Hispanic,2015-2017,Suicide rate
Montgomery,,Black Non-Hispanic,2015-2017,Suicide rate
Prince George's,5.0,Black Non-Hispanic,2015-2017,Suicide rate
Queen Anne's,,Black Non-Hispanic,2015-2017,Suicide rate
Saint Mary's,,Black Non-Hispanic,2015-2017,Suicide rate
Somerset,,Black Non-Hispanic,2015-2017,Suicide rate
Talbot,,Black Non-Hispanic,2015-2017,Suicide rate
Washington,,Black Non-Hispanic,2015-2017,Suicide rate
Wicomico,,Black Non-Hispanic,2015-2017,Suicide rate
Worcester,,Black Non-Hispanic,2015-2017,Suicide rate
State,3.8,Hispanic,2015-2017,Suicide rate
Allegany,,Hispanic,2015-2017,Suicide rate
Anne Arundel,,Hispanic,2015-2017,Suicide rate
Baltimore City,,Hispanic,2015-2017,Suicide rate
Baltimore County,,Hispanic,2015-2017,Suicide rate
Calvert,,Hispanic,2015-2017,Suicide rate
Caroline,,Hispanic,2015-2017,Suicide rate
Carroll,,Hispanic,2015-2017,Suicide rate
Cecil,,Hispanic,2015-2017,Suicide rate
Charles,,Hispanic,2015-2017,Suicide rate
Dorchester,,Hispanic,2015-2017,Suicide rate
Frederick,,Hispanic,2015-2017,Suicide rate
Garrett,,Hispanic,2015-2017,Suicide rate
Harford,,Hispanic,2015-2017,Suicide rate
Howard,,Hispanic,2015-2017,Suicide rate
Kent,,Hispanic,2015-2017,Suicide rate
Montgomery,,Hispanic,2015-2017,Suicide rate
Prince George's,,Hispanic,2015-2017,Suicide rate
Queen Anne's,,Hispanic,2015-2017,Suicide rate
Saint Mary's,,Hispanic,2015-2017,Suicide rate
Somerset,,Hispanic,2015-2017,Suicide rate
Talbot,,Hispanic,2015-2017,Suicide rate
Washington,,Hispanic,2015-2017,Suicide rate
Wicomico,,Hispanic,2015-2017,Suicide rate
Worcester,,Hispanic,2015-2017,Suicide rate
State,12.9,White Non-Hispanic,2015-2017,Suicide rate
Allegany,,White Non-Hispanic,2015-2017,Suicide rate
Anne Arundel,14.9,White Non-Hispanic,2015-2017,Suicide rate
Baltimore City,12.6,White Non-Hispanic,2015-2017,Suicide rate
Baltimore County,12.8,White Non-Hispanic,2015-2017,Suicide rate
Calvert,,White Non-Hispanic,2015-2017,Suicide rate
Caroline,,White Non-Hispanic,2015-2017,Suicide rate
Carroll,,White Non-Hispanic,2015-2017,Suicide rate
Cecil,,White Non-Hispanic,2015-2017,Suicide rate
Charles,,White Non-Hispanic,2015-2017,Suicide rate
Dorchester,,White Non-Hispanic,2015-2017,Suicide rate
Frederick,11.5,White Non-Hispanic,2015-2017,Suicide rate
Garrett,,White Non-Hispanic,2015-2017,Suicide rate
Harford,11.8,White Non-Hispanic,2015-2017,Suicide rate
Howard,,White Non-Hispanic,2015-2017,Suicide rate
Kent,,White Non-Hispanic,2015-2017,Suicide rate
Montgomery,9.9,White Non-Hispanic,2015-2017,Suicide rate
Prince George's,,White Non-Hispanic,2015-2017,Suicide rate
Queen Anne's,,White Non-Hispanic,2015-2017,Suicide rate
Saint Mary's,,White Non-Hispanic,2015-2017,Suicide rate
Somerset,,White Non-Hispanic,2015-2017,Suicide rate
Talbot,,White Non-Hispanic,2015-2017,Suicide rate
Washington,16.2,White Non-Hispanic,2015-2017,Suicide rate
Wicomico,,White Non-Hispanic,2015-2017,Suicide rate
Worcester,,White Non-Hispanic,2015-2017,Suicide rate
State,5.5,Asian/ Pacific Islander Non-Hispanic,2015-2017,Suicide rate
Allegany,,Asian/ Pacific Islander Non-Hispanic,2015-2017,Suicide rate
Anne Arundel,,Asian/ Pacific Islander Non-Hispanic,2015-2017,Suicide rate
Baltimore City,,Asian/ Pacific Islander Non-Hispanic,2015-2017,Suicide rate
Baltimore County,,Asian/ Pacific Islander Non-Hispanic,2015-2017,Suicide rate
Calvert,,Asian/ Pacific Islander Non-Hispanic,2015-2017,Suicide rate
Caroline,,Asian/ Pacific Islander Non-Hispanic,2015-2017,Suicide rate
Carroll,,Asian/ Pacific Islander Non-Hispanic,2015-2017,Suicide rate
Cecil,,Asian/ Pacific Islander Non-Hispanic,2015-2017,Suicide rate
Charles,,Asian/ Pacific Islander Non-Hispanic,2015-2017,Suicide rate
Dorchester,,Asian/ Pacific Islander Non-Hispanic,2015-2017,Suicide rate
Frederick,,Asian/ Pacific Islander Non-Hispanic,2015-2017,Suicide rate
Garrett,,Asian/ Pacific Islander Non-Hispanic,2015-2017,Suicide rate
Harford,,Asian/ Pacific Islander Non-Hispanic,2015-2017,Suicide rate
Howard,,Asian/ Pacific Islander Non-Hispanic,2015-2017,Suicide rate
Kent,,Asian/ Pacific Islander Non-Hispanic,2015-2017,Suicide rate
Montgomery,,Asian/ Pacific Islander Non-Hispanic,2015-2017,Suicide rate
Prince George's,,Asian/ Pacific Islander Non-Hispanic,2015-2017,Suicide rate
Queen Anne's,,Asian/ Pacific Islander Non-Hispanic,2015-2017,Suicide rate
Saint Mary's,,Asian/ Pacific Islander Non-Hispanic,2015-2017,Suicide rate
Somerset,,Asian/ Pacific Islander Non-Hispanic,2015-2017,Suicide rate
Talbot,,Asian/ Pacific Islander Non-Hispanic,2015-2017,Suicide rate
Washington,,Asian/ Pacific Islander Non-Hispanic,2015-2017,Suicide rate
Wicomico,,Asian/ Pacific Islander Non-Hispanic,2015-2017,Suicide rate
Worcester,,Asian/ Pacific Islander Non-Hispanic,2015-2017,Suicide rate
State,9.2,All races/ethnicities (aggregated),2014-2016,Suicide rate
Allegany,,All races/ethnicities (aggregated),2014-2016,Suicide rate
Anne Arundel,10.7,All races/ethnicities (aggregated),2014-2016,Suicide rate
Baltimore City,8.5,All races/ethnicities (aggregated),2014-2016,Suicide rate
Baltimore County,9.7,All races/ethnicities (aggregated),2014-2016,Suicide rate
Calvert,,All races/ethnicities (aggregated),2014-2016,Suicide rate
Caroline,,All races/ethnicities (aggregated),2014-2016,Suicide rate
Carroll,14.3,All races/ethnicities (aggregated),2014-2016,Suicide rate
Cecil,,All races/ethnicities (aggregated),2014-2016,Suicide rate
Charles,,All races/ethnicities (aggregated),2014-2016,Suicide rate
Dorchester,,All races/ethnicities (aggregated),2014-2016,Suicide rate
Frederick,9.6,All races/ethnicities (aggregated),2014-2016,Suicide rate
Garrett,,All races/ethnicities (aggregated),2014-2016,Suicide rate
Harford,12.3,All races/ethnicities (aggregated),2014-2016,Suicide rate
Howard,7.4,All races/ethnicities (aggregated),2014-2016,Suicide rate
Kent,,All races/ethnicities (aggregated),2014-2016,Suicide rate
Montgomery,7.2,All races/ethnicities (aggregated),2014-2016,Suicide rate
Prince George's,5.3,All races/ethnicities (aggregated),2014-2016,Suicide rate
Queen Anne's,,All races/ethnicities (aggregated),2014-2016,Suicide rate
Saint Mary's,,All races/ethnicities (aggregated),2014-2016,Suicide rate
Somerset,,All races/ethnicities (aggregated),2014-2016,Suicide rate
Talbot,,All races/ethnicities (aggregated),2014-2016,Suicide rate
Washington,14.7,All races/ethnicities (aggregated),2014-2016,Suicide rate
Wicomico,,All races/ethnicities (aggregated),2014-2016,Suicide rate
Worcester,,All races/ethnicities (aggregated),2014-2016,Suicide rate
State,4.9,Black Non-Hispanic,2014-2016,Suicide rate
Allegany,,Black Non-Hispanic,2014-2016,Suicide rate
Anne Arundel,,Black Non-Hispanic,2014-2016,Suicide rate
Baltimore City,5.9,Black Non-Hispanic,2014-2016,Suicide rate
Baltimore County,,Black Non-Hispanic,2014-2016,Suicide rate
Calvert,,Black Non-Hispanic,2014-2016,Suicide rate
Caroline,,Black Non-Hispanic,2014-2016,Suicide rate
Carroll,,Black Non-Hispanic,2014-2016,Suicide rate
Cecil,,Black Non-Hispanic,2014-2016,Suicide rate
Charles,,Black Non-Hispanic,2014-2016,Suicide rate
Dorchester,,Black Non-Hispanic,2014-2016,Suicide rate
Frederick,,Black Non-Hispanic,2014-2016,Suicide rate
Garrett,,Black Non-Hispanic,2014-2016,Suicide rate
Harford,,Black Non-Hispanic,2014-2016,Suicide rate
Howard,,Black Non-Hispanic,2014-2016,Suicide rate
Kent,,Black Non-Hispanic,2014-2016,Suicide rate
Montgomery,,Black Non-Hispanic,2014-2016,Suicide rate
Prince George's,4.7,Black Non-Hispanic,2014-2016,Suicide rate
Queen Anne's,,Black Non-Hispanic,2014-2016,Suicide rate
Saint Mary's,,Black Non-Hispanic,2014-2016,Suicide rate
Somerset,,Black Non-Hispanic,2014-2016,Suicide rate
Talbot,,Black Non-Hispanic,2014-2016,Suicide rate
Washington,,Black Non-Hispanic,2014-2016,Suicide rate
Wicomico,,Black Non-Hispanic,2014-2016,Suicide rate
Worcester,,Black Non-Hispanic,2014-2016,Suicide rate
State,,Hispanic,2014-2016,Suicide rate
Allegany,,Hispanic,2014-2016,Suicide rate
Anne Arundel,,Hispanic,2014-2016,Suicide rate
Baltimore City,,Hispanic,2014-2016,Suicide rate
Baltimore County,,Hispanic,2014-2016,Suicide rate
Calvert,,Hispanic,2014-2016,Suicide rate
Caroline,,Hispanic,2014-2016,Suicide rate
Carroll,,Hispanic,2014-2016,Suicide rate
Cecil,,Hispanic,2014-2016,Suicide rate
Charles,,Hispanic,2014-2016,Suicide rate
Dorchester,,Hispanic,2014-2016,Suicide rate
Frederick,,Hispanic,2014-2016,Suicide rate
Garrett,,Hispanic,2014-2016,Suicide rate
Harford,,Hispanic,2014-2016,Suicide rate
Howard,,Hispanic,2014-2016,Suicide rate
Kent,,Hispanic,2014-2016,Suicide rate
Montgomery,,Hispanic,2014-2016,Suicide rate
Prince George's,,Hispanic,2014-2016,Suicide rate
Queen Anne's,,Hispanic,2014-2016,Suicide rate
Saint Mary's,,Hispanic,2014-2016,Suicide rate
Somerset,,Hispanic,2014-2016,Suicide rate
Talbot,,Hispanic,2014-2016,Suicide rate
Washington,,Hispanic,2014-2016,Suicide rate
Wicomico,,Hispanic,2014-2016,Suicide rate
Worcester,,Hispanic,2014-2016,Suicide rate
State,12.8,White Non-Hispanic,2014-2016,Suicide rate
Allegany,,White Non-Hispanic,2014-2016,Suicide rate
Anne Arundel,13.2,White Non-Hispanic,2014-2016,Suicide rate
Baltimore City,14.3,White Non-Hispanic,2014-2016,Suicide rate
Baltimore County,13.2,White Non-Hispanic,2014-2016,Suicide rate
Calvert,,White Non-Hispanic,2014-2016,Suicide rate
Caroline,,White Non-Hispanic,2014-2016,Suicide rate
Carroll,14.1,White Non-Hispanic,2014-2016,Suicide rate
Cecil,,White Non-Hispanic,2014-2016,Suicide rate
Charles,,White Non-Hispanic,2014-2016,Suicide rate
Dorchester,,White Non-Hispanic,2014-2016,Suicide rate
Frederick,11.0,White Non-Hispanic,2014-2016,Suicide rate
Garrett,,White Non-Hispanic,2014-2016,Suicide rate
Harford,14.0,White Non-Hispanic,2014-2016,Suicide rate
Howard,,White Non-Hispanic,2014-2016,Suicide rate
Kent,,White Non-Hispanic,2014-2016,Suicide rate
Montgomery,10.5,White Non-Hispanic,2014-2016,Suicide rate
Prince George's,,White Non-Hispanic,2014-2016,Suicide rate
Queen Anne's,,White Non-Hispanic,2014-2016,Suicide rate
Saint Mary's,,White Non-Hispanic,2014-2016,Suicide rate
Somerset,,White Non-Hispanic,2014-2016,Suicide rate
Talbot,,White Non-Hispanic,2014-2016,Suicide rate
Washington,,White Non-Hispanic,2014-2016,Suicide rate
Wicomico,,White Non-Hispanic,2014-2016,Suicide rate
Worcester,,White Non-Hispanic,2014-2016,Suicide rate
State,5.2,Asian/ Pacific Islander Non-Hispanic,2014-2016,Suicide rate
Allegany,,Asian/ Pacific Islander Non-Hispanic,2014-2016,Suicide rate
Anne Arundel,,Asian/ Pacific Islander Non-Hispanic,2014-2016,Suicide rate
Baltimore City,,Asian/ Pacific Islander Non-Hispanic,2014-2016,Suicide rate
Baltimore County,,Asian/ Pacific Islander Non-Hispanic,2014-2016,Suicide rate
Calvert,,Asian/ Pacific Islander Non-Hispanic,2014-2016,Suicide rate
Caroline,,Asian/ Pacific Islander Non-Hispanic,2014-2016,Suicide rate
Carroll,,Asian/ Pacific Islander Non-Hispanic,2014-2016,Suicide rate
Cecil,,Asian/ Pacific Islander Non-Hispanic,2014-2016,Suicide rate
Charles,,Asian/ Pacific Islander Non-Hispanic,2014-2016,Suicide rate
Dorchester,,Asian/ Pacific Islander Non-Hispanic,2014-2016,Suicide rate
Frederick,,Asian/ Pacific Islander Non-Hispanic,2014-2016,Suicide rate
Garrett,,Asian/ Pacific Islander Non-Hispanic,2014-2016,Suicide rate
Harford,,Asian/ Pacific Islander Non-Hispanic,2014-2016,Suicide rate
Howard,,Asian/ Pacific Islander Non-Hispanic,2014-2016,Suicide rate
Kent,,Asian/ Pacific Islander Non-Hispanic,2014-2016,Suicide rate
Montgomery,,Asian/ Pacific Islander Non-Hispanic,2014-2016,Suicide rate
Prince George's,,Asian/ Pacific Islander Non-Hispanic,2014-2016,Suicide rate
Queen Anne's,,Asian/ Pacific Islander Non-Hispanic,2014-2016,Suicide rate
Saint Mary's,,Asian/ Pacific Islander Non-Hispanic,2014-2016,Suicide rate
Somerset,,Asian/ Pacific Islander Non-Hispanic,2014-2016,Suicide rate
Talbot,,Asian/ Pacific Islander Non-Hispanic,2014-2016,Suicide rate
Washington,,Asian/ Pacific Islander Non-Hispanic,2014-2016,Suicide rate
Wicomico,,Asian/ Pacific Islander Non-Hispanic,2014-2016,Suicide rate
Worcester,,Asian/ Pacific Islander Non-Hispanic,2014-2016,Suicide rate
State,9.1,All races/ethnicities (aggregated),2013-2015,Suicide rate
Allegany,,All races/ethnicities (aggregated),2013-2015,Suicide rate
Anne Arundel,10.9,All races/ethnicities (aggregated),2013-2015,Suicide rate
Baltimore City,8.0,All races/ethnicities (aggregated),2013-2015,Suicide rate
Baltimore County,9.6,All races/ethnicities (aggregated),2013-2015,Suicide rate
Calvert,,All races/ethnicities (aggregated),2013-2015,Suicide rate
Caroline,,All races/ethnicities (aggregated),2013-2015,Suicide rate
Carroll,15.1,All races/ethnicities (aggregated),2013-2015,Suicide rate
Cecil,,All races/ethnicities (aggregated),2013-2015,Suicide rate
Charles,,All races/ethnicities (aggregated),2013-2015,Suicide rate
Dorchester,,All races/ethnicities (aggregated),2013-2015,Suicide rate
Frederick,10.0,All races/ethnicities (aggregated),2013-2015,Suicide rate
Garrett,,All races/ethnicities (aggregated),2013-2015,Suicide rate
Harford,11.4,All races/ethnicities (aggregated),2013-2015,Suicide rate
Howard,7.8,All races/ethnicities (aggregated),2013-2015,Suicide rate
Kent,,All races/ethnicities (aggregated),2013-2015,Suicide rate
Montgomery,7.3,All races/ethnicities (aggregated),2013-2015,Suicide rate
Prince George's,5.3,All races/ethnicities (aggregated),2013-2015,Suicide rate
Queen Anne's,,All races/ethnicities (aggregated),2013-2015,Suicide rate
Saint Mary's,,All races/ethnicities (aggregated),2013-2015,Suicide rate
Somerset,,All races/ethnicities (aggregated),2013-2015,Suicide rate
Talbot,,All races/ethnicities (aggregated),2013-2015,Suicide rate
Washington,14.1,All races/ethnicities (aggregated),2013-2015,Suicide rate
Wicomico,,All races/ethnicities (aggregated),2013-2015,Suicide rate
Worcester,,All races/ethnicities (aggregated),2013-2015,Suicide rate
State,4.8,Black Non-Hispanic,2013-2015,Suicide rate
Allegany,,Black Non-Hispanic,2013-2015,Suicide rate
Anne Arundel,,Black Non-Hispanic,2013-2015,Suicide rate
Baltimore City,5.2,Black Non-Hispanic,2013-2015,Suicide rate
Baltimore County,,Black Non-Hispanic,2013-2015,Suicide rate
Calvert,,Black Non-Hispanic,2013-2015,Suicide rate
Caroline,,Black Non-Hispanic,2013-2015,Suicide rate
Carroll,,Black Non-Hispanic,2013-2015,Suicide rate
Cecil,,Black Non-Hispanic,2013-2015,Suicide rate
Charles,,Black Non-Hispanic,2013-2015,Suicide rate
Dorchester,,Black Non-Hispanic,2013-2015,Suicide rate
Frederick,,Black Non-Hispanic,2013-2015,Suicide rate
Garrett,,Black Non-Hispanic,2013-2015,Suicide rate
Harford,,Black Non-Hispanic,2013-2015,Suicide rate
Howard,,Black Non-Hispanic,2013-2015,Suicide rate
Kent,,Black Non-Hispanic,2013-2015,Suicide rate
Montgomery,,Black Non-Hispanic,2013-2015,Suicide rate
Prince George's,4.5,Black Non-Hispanic,2013-2015,Suicide rate
Queen Anne's,,Black Non-Hispanic,2013-2015,Suicide rate
Saint Mary's,,Black Non-Hispanic,2013-2015,Suicide rate
Somerset,,Black Non-Hispanic,2013-2015,Suicide rate
Talbot,,Black Non-Hispanic,2013-2015,Suicide rate
Washington,,Black Non-Hispanic,2013-2015,Suicide rate
Wicomico,,Black Non-Hispanic,2013-2015,Suicide rate
Worcester,,Black Non-Hispanic,2013-2015,Suicide rate
State,,Hispanic,2013-2015,Suicide rate
Allegany,,Hispanic,2013-2015,Suicide rate
Anne Arundel,,Hispanic,2013-2015,Suicide rate
Baltimore City,,Hispanic,2013-2015,Suicide rate
Baltimore County,,Hispanic,2013-2015,Suicide rate
Calvert,,Hispanic,2013-2015,Suicide rate
Caroline,,Hispanic,2013-2015,Suicide rate
Carroll,,Hispanic,2013-2015,Suicide rate
Cecil,,Hispanic,2013-2015,Suicide rate
Charles,,Hispanic,2013-2015,Suicide rate
Dorchester,,Hispanic,2013-2015,Suicide rate
Frederick,,Hispanic,2013-2015,Suicide rate
Garrett,,Hispanic,2013-2015,Suicide rate
Harford,,Hispanic,2013-2015,Suicide rate
Howard,,Hispanic,2013-2015,Suicide rate
Kent,,Hispanic,2013-2015,Suicide rate
Montgomery,,Hispanic,2013-2015,Suicide rate
Prince George's,,Hispanic,2013-2015,Suicide rate
Queen Anne's,,Hispanic,2013-2015,Suicide rate
Saint Mary's,,Hispanic,2013-2015,Suicide rate
Somerset,,Hispanic,2013-2015,Suicide rate
Talbot,,Hispanic,2013-2015,Suicide rate
Washington,,Hispanic,2013-2015,Suicide rate
Wicomico,,Hispanic,2013-2015,Suicide rate
Worcester,,Hispanic,2013-2015,Suicide rate
State,12.9,White Non-Hispanic,2013-2015,Suicide rate
Allegany,,White Non-Hispanic,2013-2015,Suicide rate
Anne Arundel,13.6,White Non-Hispanic,2013-2015,Suicide rate
Baltimore City,14.2,White Non-Hispanic,2013-2015,Suicide rate
Baltimore County,12.9,White Non-Hispanic,2013-2015,Suicide rate
Calvert,,White Non-Hispanic,2013-2015,Suicide rate
Caroline,15.1,White Non-Hispanic,2013-2015,Suicide rate
Carroll,,White Non-Hispanic,2013-2015,Suicide rate
Cecil,,White Non-Hispanic,2013-2015,Suicide rate
Charles,,White Non-Hispanic,2013-2015,Suicide rate
Dorchester,,White Non-Hispanic,2013-2015,Suicide rate
Frederick,11.5,White Non-Hispanic,2013-2015,Suicide rate
Garrett,,White Non-Hispanic,2013-2015,Suicide rate
Harford,12.9,White Non-Hispanic,2013-2015,Suicide rate
Howard,,White Non-Hispanic,2013-2015,Suicide rate
Kent,,White Non-Hispanic,2013-2015,Suicide rate
Montgomery,10.9,White Non-Hispanic,2013-2015,Suicide rate
Prince George's,,White Non-Hispanic,2013-2015,Suicide rate
Queen Anne's,,White Non-Hispanic,2013-2015,Suicide rate
Saint Mary's,,White Non-Hispanic,2013-2015,Suicide rate
Somerset,,White Non-Hispanic,2013-2015,Suicide rate
Talbot,,White Non-Hispanic,2013-2015,Suicide rate
Washington,,White Non-Hispanic,2013-2015,Suicide rate
Wicomico,,White Non-Hispanic,2013-2015,Suicide rate
Worcester,,White Non-Hispanic,2013-2015,Suicide rate
State,,Asian/ Pacific Islander Non-Hispanic,2013-2015,Suicide rate
Allegany,,Asian/ Pacific Islander Non-Hispanic,2013-2015,Suicide rate
Anne Arundel,,Asian/ Pacific Islander Non-Hispanic,2013-2015,Suicide rate
Baltimore City,,Asian/ Pacific Islander Non-Hispanic,2013-2015,Suicide rate
Baltimore County,,Asian/ Pacific Islander Non-Hispanic,2013-2015,Suicide rate
Calvert,,Asian/ Pacific Islander Non-Hispanic,2013-2015,Suicide rate
Caroline,,Asian/ Pacific Islander Non-Hispanic,2013-2015,Suicide rate
Carroll,,Asian/ Pacific Islander Non-Hispanic,2013-2015,Suicide rate
Cecil,,Asian/ Pacific Islander Non-Hispanic,2013-2015,Suicide rate
Charles,,Asian/ Pacific Islander Non-Hispanic,2013-2015,Suicide rate
Dorchester,,Asian/ Pacific Islander Non-Hispanic,2013-2015,Suicide rate
Frederick,,Asian/ Pacific Islander Non-Hispanic,2013-2015,Suicide rate
Garrett,,Asian/ Pacific Islander Non-Hispanic,2013-2015,Suicide rate
Harford,,Asian/ Pacific Islander Non-Hispanic,2013-2015,Suicide rate
Howard,,Asian/ Pacific Islander Non-Hispanic,2013-2015,Suicide rate
Kent,,Asian/ Pacific Islander Non-Hispanic,2013-2015,Suicide rate
Montgomery,,Asian/ Pacific Islander Non-Hispanic,2013-2015,Suicide rate
Prince George's,,Asian/ Pacific Islander Non-Hispanic,2013-2015,Suicide rate
Queen Anne's,,Asian/ Pacific Islander Non-Hispanic,2013-2015,Suicide rate
Saint Mary's,,Asian/ Pacific Islander Non-Hispanic,2013-2015,Suicide rate
Somerset,,Asian/ Pacific Islander Non-Hispanic,2013-2015,Suicide rate
Talbot,,Asian/ Pacific Islander Non-Hispanic,2013-2015,Suicide rate
Washington,,Asian/ Pacific Islander Non-Hispanic,2013-2015,Suicide rate
Wicomico,,Asian/ Pacific Islander Non-Hispanic,2013-2015,Suicide rate
Worcester,,Asian/ Pacific Islander Non-Hispanic,2013-2015,Suicide rate
State,9.2,All races/ethnicities (aggregated),2012-2014,Suicide rate
Allegany,8.8,All races/ethnicities (aggregated),2012-2014,Suicide rate
Anne Arundel,10.4,All races/ethnicities (aggregated),2012-2014,Suicide rate
Baltimore City,8.3,All races/ethnicities (aggregated),2012-2014,Suicide rate
Baltimore County,10.2,All races/ethnicities (aggregated),2012-2014,Suicide rate
Calvert,16.5,All races/ethnicities (aggregated),2012-2014,Suicide rate
Caroline,,All races/ethnicities (aggregated),2012-2014,Suicide rate
Carroll,14.8,All races/ethnicities (aggregated),2012-2014,Suicide rate
Cecil,13.4,All races/ethnicities (aggregated),2012-2014,Suicide rate
Charles,10.5,All races/ethnicities (aggregated),2012-2014,Suicide rate
Dorchester,,All races/ethnicities (aggregated),2012-2014,Suicide rate
Frederick,10.2,All races/ethnicities (aggregated),2012-2014,Suicide rate
Garrett,,All races/ethnicities (aggregated),2012-2014,Suicide rate
Harford,11.6,All races/ethnicities (aggregated),2012-2014,Suicide rate
Howard,7.8,All races/ethnicities (aggregated),2012-2014,Suicide rate
Kent,,All races/ethnicities (aggregated),2012-2014,Suicide rate
Montgomery,7.0,All races/ethnicities (aggregated),2012-2014,Suicide rate
Prince George's,5.7,All races/ethnicities (aggregated),2012-2014,Suicide rate
Queen Anne's,17.0,All races/ethnicities (aggregated),2012-2014,Suicide rate
Saint Mary's,12.8,All races/ethnicities (aggregated),2012-2014,Suicide rate
Somerset,,All races/ethnicities (aggregated),2012-2014,Suicide rate
Talbot,,All races/ethnicities (aggregated),2012-2014,Suicide rate
Washington,14.1,All races/ethnicities (aggregated),2012-2014,Suicide rate
Wicomico,12.2,All races/ethnicities (aggregated),2012-2014,Suicide rate
Worcester,,All races/ethnicities (aggregated),2012-2014,Suicide rate
State,4.9,Black Non-Hispanic,2012-2014,Suicide rate
Allegany,,Black Non-Hispanic,2012-2014,Suicide rate
Anne Arundel,,Black Non-Hispanic,2012-2014,Suicide rate
Baltimore City,5.7,Black Non-Hispanic,2012-2014,Suicide rate
Baltimore County,3.8,Black Non-Hispanic,2012-2014,Suicide rate
Calvert,,Black Non-Hispanic,2012-2014,Suicide rate
Caroline,,Black Non-Hispanic,2012-2014,Suicide rate
Carroll,,Black Non-Hispanic,2012-2014,Suicide rate
Cecil,,Black Non-Hispanic,2012-2014,Suicide rate
Charles,,Black Non-Hispanic,2012-2014,Suicide rate
Dorchester,,Black Non-Hispanic,2012-2014,Suicide rate
Frederick,,Black Non-Hispanic,2012-2014,Suicide rate
Garrett,,Black Non-Hispanic,2012-2014,Suicide rate
Harford,,Black Non-Hispanic,2012-2014,Suicide rate
Howard,,Black Non-Hispanic,2012-2014,Suicide rate
Kent,,Black Non-Hispanic,2012-2014,Suicide rate
Montgomery,5.1,Black Non-Hispanic,2012-2014,Suicide rate
Prince George's,4.4,Black Non-Hispanic,2012-2014,Suicide rate
Queen Anne's,,Black Non-Hispanic,2012-2014,Suicide rate
Saint Mary's,,Black Non-Hispanic,2012-2014,Suicide rate
Somerset,,Black Non-Hispanic,2012-2014,Suicide rate
Talbot,,Black Non-Hispanic,2012-2014,Suicide rate
Washington,,Black Non-Hispanic,2012-2014,Suicide rate
Wicomico,,Black Non-Hispanic,2012-2014,Suicide rate
Worcester,,Black Non-Hispanic,2012-2014,Suicide rate
State,2.4,Hispanic,2012-2014,Suicide rate
Allegany,,Hispanic,2012-2014,Suicide rate
Anne Arundel,,Hispanic,2012-2014,Suicide rate
Baltimore City,,Hispanic,2012-2014,Suicide rate
Baltimore County,,Hispanic,2012-2014,Suicide rate
Calvert,,Hispanic,2012-2014,Suicide rate
Caroline,,Hispanic,2012-2014,Suicide rate
Carroll,,Hispanic,2012-2014,Suicide rate
Cecil,,Hispanic,2012-2014,Suicide rate
Charles,,Hispanic,2012-2014,Suicide rate
Dorchester,,Hispanic,2012-2014,Suicide rate
Frederick,,Hispanic,2012-2014,Suicide rate
Garrett,,Hispanic,2012-2014,Suicide rate
Harford,,Hispanic,2012-2014,Suicide rate
Howard,,Hispanic,2012-2014,Suicide rate
Kent,,Hispanic,2012-2014,Suicide rate
Montgomery,,Hispanic,2012-2014,Suicide rate
Prince George's,,Hispanic,2012-2014,Suicide rate
Queen Anne's,,Hispanic,2012-2014,Suicide rate
Saint Mary's,,Hispanic,2012-2014,Suicide rate
Somerset,,Hispanic,2012-2014,Suicide rate
Talbot,,Hispanic,2012-2014,Suicide rate
Washington,,Hispanic,2012-2014,Suicide rate
Wicomico,,Hispanic,2012-2014,Suicide rate
Worcester,,Hispanic,2012-2014,Suicide rate
State,12.8,White Non-Hispanic,2012-2014,Suicide rate
Allegany,9.4,White Non-Hispanic,2012-2014,Suicide rate
Anne Arundel,12.2,White Non-Hispanic,2012-2014,Suicide rate
Baltimore City,14.9,White Non-Hispanic,2012-2014,Suicide rate
Baltimore County,13.6,White Non-Hispanic,2012-2014,Suicide rate
Calvert,18.2,White Non-Hispanic,2012-2014,Suicide rate
Caroline,,White Non-Hispanic,2012-2014,Suicide rate
Carroll,15.3,White Non-Hispanic,2012-2014,Suicide rate
Cecil,14.9,White Non-Hispanic,2012-2014,Suicide rate
Charles,14.4,White Non-Hispanic,2012-2014,Suicide rate
Dorchester,,White Non-Hispanic,2012-2014,Suicide rate
Frederick,11.6,White Non-Hispanic,2012-2014,Suicide rate
Garrett,,White Non-Hispanic,2012-2014,Suicide rate
Harford,12.9,White Non-Hispanic,2012-2014,Suicide rate
Howard,9.6,White Non-Hispanic,2012-2014,Suicide rate
Kent,,White Non-Hispanic,2012-2014,Suicide rate
Montgomery,10.1,White Non-Hispanic,2012-2014,Suicide rate
Prince George's,12.9,White Non-Hispanic,2012-2014,Suicide rate
Queen Anne's,18.6,White Non-Hispanic,2012-2014,Suicide rate
Saint Mary's,15.5,White Non-Hispanic,2012-2014,Suicide rate
Somerset,,White Non-Hispanic,2012-2014,Suicide rate
Talbot,,White Non-Hispanic,2012-2014,Suicide rate
Washington,15.2,White Non-Hispanic,2012-2014,Suicide rate
Wicomico,15.8,White Non-Hispanic,2012-2014,Suicide rate
Worcester,,White Non-Hispanic,2012-2014,Suicide rate
State,5.0,Asian/ Pacific Islander Non-Hispanic,2012-2014,Suicide rate
Allegany,,Asian/ Pacific Islander Non-Hispanic,2012-2014,Suicide rate
Anne Arundel,,Asian/ Pacific Islander Non-Hispanic,2012-2014,Suicide rate
Baltimore City,,Asian/ Pacific Islander Non-Hispanic,2012-2014,Suicide rate
Baltimore County,,Asian/ Pacific Islander Non-Hispanic,2012-2014,Suicide rate
Calvert,,Asian/ Pacific Islander Non-Hispanic,2012-2014,Suicide rate
Caroline,,Asian/ Pacific Islander Non-Hispanic,2012-2014,Suicide rate
Carroll,,Asian/ Pacific Islander Non-Hispanic,2012-2014,Suicide rate
Cecil,,Asian/ Pacific Islander Non-Hispanic,2012-2014,Suicide rate
Charles,,Asian/ Pacific Islander Non-Hispanic,2012-2014,Suicide rate
Dorchester,,Asian/ Pacific Islander Non-Hispanic,2012-2014,Suicide rate
Frederick,,Asian/ Pacific Islander Non-Hispanic,2012-2014,Suicide rate
Garrett,,Asian/ Pacific Islander Non-Hispanic,2012-2014,Suicide rate
Harford,,Asian/ Pacific Islander Non-Hispanic,2012-2014,Suicide rate
Howard,,Asian/ Pacific Islander Non-Hispanic,2012-2014,Suicide rate
Kent,,Asian/ Pacific Islander Non-Hispanic,2012-2014,Suicide rate
Montgomery,,Asian/ Pacific Islander Non-Hispanic,2012-2014,Suicide rate
Prince George's,,Asian/ Pacific Islander Non-Hispanic,2012-2014,Suicide rate
Queen Anne's,,Asian/ Pacific Islander Non-Hispanic,2012-2014,Suicide rate
Saint Mary's,,Asian/ Pacific Islander Non-Hispanic,2012-2014,Suicide rate
Somerset,,Asian/ Pacific Islander Non-Hispanic,2012-2014,Suicide rate
Talbot,,Asian/ Pacific Islander Non-Hispanic,2012-2014,Suicide rate
Washington,,Asian/ Pacific Islander Non-Hispanic,2012-2014,Suicide rate
Wicomico,,Asian/ Pacific Islander Non-Hispanic,2012-2014,Suicide rate
Worcester,,Asian/ Pacific Islander Non-Hispanic,2012-2014,Suicide rate
State,9.0,All races/ethnicities (aggregated),2011-2013,Suicide rate
Allegany,11.0,All races/ethnicities (aggregated),2011-2013,Suicide rate
Anne Arundel,9.4,All races/ethnicities (aggregated),2011-2013,Suicide rate
Baltimore City,7.3,All races/ethnicities (aggregated),2011-2013,Suicide rate
Baltimore County,10.5,All races/ethnicities (aggregated),2011-2013,Suicide rate
Calvert,14.7,All races/ethnicities (aggregated),2011-2013,Suicide rate
Caroline,,All races/ethnicities (aggregated),2011-2013,Suicide rate
Carroll,11.8,All races/ethnicities (aggregated),2011-2013,Suicide rate
Cecil,15.1,All races/ethnicities (aggregated),2011-2013,Suicide rate
Charles,11.1,All races/ethnicities (aggregated),2011-2013,Suicide rate
Dorchester,,All races/ethnicities (aggregated),2011-2013,Suicide rate
Frederick,10.0,All races/ethnicities (aggregated),2011-2013,Suicide rate
Garrett,,All races/ethnicities (aggregated),2011-2013,Suicide rate
Harford,10.7,All races/ethnicities (aggregated),2011-2013,Suicide rate
Howard,8.8,All races/ethnicities (aggregated),2011-2013,Suicide rate
Kent,,All races/ethnicities (aggregated),2011-2013,Suicide rate
Montgomery,7.3,All races/ethnicities (aggregated),2011-2013,Suicide rate
Prince George's,5.8,All races/ethnicities (aggregated),2011-2013,Suicide rate
Queen Anne's,16.7,All races/ethnicities (aggregated),2011-2013,Suicide rate
Saint Mary's,11.8,All races/ethnicities (aggregated),2011-2013,Suicide rate
Somerset,,All races/ethnicities (aggregated),2011-2013,Suicide rate
Talbot,,All races/ethnicities (aggregated),2011-2013,Suicide rate
Washington,14.5,All races/ethnicities (aggregated),2011-2013,Suicide rate
Wicomico,10.2,All races/ethnicities (aggregated),2011-2013,Suicide rate
Worcester,12.0,All races/ethnicities (aggregated),2011-2013,Suicide rate
State,5.0,Black Non-Hispanic,2011-2013,Suicide rate
Allegany,,Black Non-Hispanic,2011-2013,Suicide rate
Anne Arundel,,Black Non-Hispanic,2011-2013,Suicide rate
Baltimore City,6.1,Black Non-Hispanic,2011-2013,Suicide rate
Baltimore County,4.9,Black Non-Hispanic,2011-2013,Suicide rate
Calvert,,Black Non-Hispanic,2011-2013,Suicide rate
Caroline,,Black Non-Hispanic,2011-2013,Suicide rate
Carroll,,Black Non-Hispanic,2011-2013,Suicide rate
Cecil,,Black Non-Hispanic,2011-2013,Suicide rate
Charles,,Black Non-Hispanic,2011-2013,Suicide rate
Dorchester,,Black Non-Hispanic,2011-2013,Suicide rate
Frederick,,Black Non-Hispanic,2011-2013,Suicide rate
Garrett,,Black Non-Hispanic,2011-2013,Suicide rate
Harford,,Black Non-Hispanic,2011-2013,Suicide rate
Howard,,Black Non-Hispanic,2011-2013,Suicide rate
Kent,,Black Non-Hispanic,2011-2013,Suicide rate
Montgomery,4.1,Black Non-Hispanic,2011-2013,Suicide rate
Prince George's,4.6,Black Non-Hispanic,2011-2013,Suicide rate
Queen Anne's,,Black Non-Hispanic,2011-2013,Suicide rate
Saint Mary's,,Black Non-Hispanic,2011-2013,Suicide rate
Somerset,,Black Non-Hispanic,2011-2013,Suicide rate
Talbot,,Black Non-Hispanic,2011-2013,Suicide rate
Washington,,Black Non-Hispanic,2011-2013,Suicide rate
Wicomico,,Black Non-Hispanic,2011-2013,Suicide rate
Worcester,,Black Non-Hispanic,2011-2013,Suicide rate
State,2.4,Hispanic,2011-2013,Suicide rate
Allegany,,Hispanic,2011-2013,Suicide rate
Anne Arundel,,Hispanic,2011-2013,Suicide rate
Baltimore City,,Hispanic,2011-2013,Suicide rate
Baltimore County,,Hispanic,2011-2013,Suicide rate
Calvert,,Hispanic,2011-2013,Suicide rate
Caroline,,Hispanic,2011-2013,Suicide rate
Carroll,,Hispanic,2011-2013,Suicide rate
Cecil,,Hispanic,2011-2013,Suicide rate
Charles,,Hispanic,2011-2013,Suicide rate
Dorchester,,Hispanic,2011-2013,Suicide rate
Frederick,,Hispanic,2011-2013,Suicide rate
Garrett,,Hispanic,2011-2013,Suicide rate
Harford,,Hispanic,2011-2013,Suicide rate
Howard,,Hispanic,2011-2013,Suicide rate
Kent,,Hispanic,2011-2013,Suicide rate
Montgomery,,Hispanic,2011-2013,Suicide rate
Prince George's,,Hispanic,2011-2013,Suicide rate
Queen Anne's,,Hispanic,2011-2013,Suicide rate
Saint Mary's,,Hispanic,2011-2013,Suicide rate
Somerset,,Hispanic,2011-2013,Suicide rate
Talbot,,Hispanic,2011-2013,Suicide rate
Washington,,Hispanic,2011-2013,Suicide rate
Wicomico,,Hispanic,2011-2013,Suicide rate
Worcester,,Hispanic,2011-2013,Suicide rate
State,12.2,White Non-Hispanic,2011-2013,Suicide rate
Allegany,11.6,White Non-Hispanic,2011-2013,Suicide rate
Anne Arundel,10.7,White Non-Hispanic,2011-2013,Suicide rate
Baltimore City,11.1,White Non-Hispanic,2011-2013,Suicide rate
Baltimore County,13.4,White Non-Hispanic,2011-2013,Suicide rate
Calvert,15.9,White Non-Hispanic,2011-2013,Suicide rate
Caroline,,White Non-Hispanic,2011-2013,Suicide rate
Carroll,12.3,White Non-Hispanic,2011-2013,Suicide rate
Cecil,16.7,White Non-Hispanic,2011-2013,Suicide rate
Charles,15.8,White Non-Hispanic,2011-2013,Suicide rate
Dorchester,,White Non-Hispanic,2011-2013,Suicide rate
Frederick,11.3,White Non-Hispanic,2011-2013,Suicide rate
Garrett,,White Non-Hispanic,2011-2013,Suicide rate
Harford,11.8,White Non-Hispanic,2011-2013,Suicide rate
Howard,10.6,White Non-Hispanic,2011-2013,Suicide rate
Kent,,White Non-Hispanic,2011-2013,Suicide rate
Montgomery,10.6,White Non-Hispanic,2011-2013,Suicide rate
Prince George's,12.5,White Non-Hispanic,2011-2013,Suicide rate
Queen Anne's,18.3,White Non-Hispanic,2011-2013,Suicide rate
Saint Mary's,14.3,White Non-Hispanic,2011-2013,Suicide rate
Somerset,,White Non-Hispanic,2011-2013,Suicide rate
Talbot,,White Non-Hispanic,2011-2013,Suicide rate
Washington,15.9,White Non-Hispanic,2011-2013,Suicide rate
Wicomico,13.6,White Non-Hispanic,2011-2013,Suicide rate
Worcester,14.8,White Non-Hispanic,2011-2013,Suicide rate
State,5.3,Asian/ Pacific Islander Non-Hispanic,2011-2013,Suicide rate
Allegany,,Asian/ Pacific Islander Non-Hispanic,2011-2013,Suicide rate
Anne Arundel,,Asian/ Pacific Islander Non-Hispanic,2011-2013,Suicide rate
Baltimore City,,Asian/ Pacific Islander Non-Hispanic,2011-2013,Suicide rate
Baltimore County,,Asian/ Pacific Islander Non-Hispanic,2011-2013,Suicide rate
Calvert,,Asian/ Pacific Islander Non-Hispanic,2011-2013,Suicide rate
Caroline,,Asian/ Pacific Islander Non-Hispanic,2011-2013,Suicide rate
Carroll,,Asian/ Pacific Islander Non-Hispanic,2011-2013,Suicide rate
Cecil,,Asian/ Pacific Islander Non-Hispanic,2011-2013,Suicide rate
Charles,,Asian/ Pacific Islander Non-Hispanic,2011-2013,Suicide rate
Dorchester,,Asian/ Pacific Islander Non-Hispanic,2011-2013,Suicide rate
Frederick,,Asian/ Pacific Islander Non-Hispanic,2011-2013,Suicide rate
Garrett,,Asian/ Pacific Islander Non-Hispanic,2011-2013,Suicide rate
Harford,,Asian/ Pacific Islander Non-Hispanic,2011-2013,Suicide rate
Howard,,Asian/ Pacific Islander Non-Hispanic,2011-2013,Suicide rate
Kent,,Asian/ Pacific Islander Non-Hispanic,2011-2013,Suicide rate
Montgomery,4.7,Asian/ Pacific Islander Non-Hispanic,2011-2013,Suicide rate
Prince George's,,Asian/ Pacific Islander Non-Hispanic,2011-2013,Suicide rate
Queen Anne's,,Asian/ Pacific Islander Non-Hispanic,2011-2013,Suicide rate
Saint Mary's,,Asian/ Pacific Islander Non-Hispanic,2011-2013,Suicide rate
Calvert,,Hispanic,2010-2012,Suicide rate
Somerset,,Asian/ Pacific Islander Non-Hispanic,2011-2013,Suicide rate
Talbot,,Asian/ Pacific Islander Non-Hispanic,2011-2013,Suicide rate
Washington,,Asian/ Pacific Islander Non-Hispanic,2011-2013,Suicide rate
Wicomico,,Asian/ Pacific Islander Non-Hispanic,2011-2013,Suicide rate
Worcester,,Asian/ Pacific Islander Non-Hispanic,2011-2013,Suicide rate
State,8.8,All races/ethnicities (aggregated),2010-2012,Suicide rate
Allegany,12.0,All races/ethnicities (aggregated),2010-2012,Suicide rate
Anne Arundel,9.3,All races/ethnicities (aggregated),2010-2012,Suicide rate
Baltimore City,8.2,All races/ethnicities (aggregated),2010-2012,Suicide rate
Baltimore County,10.3,All races/ethnicities (aggregated),2010-2012,Suicide rate
Calvert,15.4,All races/ethnicities (aggregated),2010-2012,Suicide rate
Caroline,,All races/ethnicities (aggregated),2010-2012,Suicide rate
Carroll,9.4,All races/ethnicities (aggregated),2010-2012,Suicide rate
Cecil,13.6,All races/ethnicities (aggregated),2010-2012,Suicide rate
Charles,10.2,All races/ethnicities (aggregated),2010-2012,Suicide rate
Dorchester,,All races/ethnicities (aggregated),2010-2012,Suicide rate
Frederick,8.9,All races/ethnicities (aggregated),2010-2012,Suicide rate
Garrett,,All races/ethnicities (aggregated),2010-2012,Suicide rate
Harford,11.3,All races/ethnicities (aggregated),2010-2012,Suicide rate
Howard,9.2,All races/ethnicities (aggregated),2010-2012,Suicide rate
Kent,,All races/ethnicities (aggregated),2010-2012,Suicide rate
Montgomery,7.0,All races/ethnicities (aggregated),2010-2012,Suicide rate
Prince George's,5.7,All races/ethnicities (aggregated),2010-2012,Suicide rate
Queen Anne's,,All races/ethnicities (aggregated),2010-2012,Suicide rate
Saint Mary's,12.0,All races/ethnicities (aggregated),2010-2012,Suicide rate
Somerset,,All races/ethnicities (aggregated),2010-2012,Suicide rate
Talbot,,All races/ethnicities (aggregated),2010-2012,Suicide rate
Washington,11.8,All races/ethnicities (aggregated),2010-2012,Suicide rate
Wicomico,9.4,All races/ethnicities (aggregated),2010-2012,Suicide rate
Worcester,13.5,All races/ethnicities (aggregated),2010-2012,Suicide rate
State,5.0,Black Non-Hispanic,2010-2012,Suicide rate
Allegany,,Black Non-Hispanic,2010-2012,Suicide rate
Anne Arundel,7.7,Black Non-Hispanic,2010-2012,Suicide rate
Baltimore City,5.7,Black Non-Hispanic,2010-2012,Suicide rate
Baltimore County,5.0,Black Non-Hispanic,2010-2012,Suicide rate
Calvert,,Black Non-Hispanic,2010-2012,Suicide rate
Caroline,,Black Non-Hispanic,2010-2012,Suicide rate
Carroll,,Black Non-Hispanic,2010-2012,Suicide rate
Cecil,,Black Non-Hispanic,2010-2012,Suicide rate
Charles,,Black Non-Hispanic,2010-2012,Suicide rate
Dorchester,,Black Non-Hispanic,2010-2012,Suicide rate
Frederick,,Black Non-Hispanic,2010-2012,Suicide rate
Garrett,,Black Non-Hispanic,2010-2012,Suicide rate
Harford,,Black Non-Hispanic,2010-2012,Suicide rate
Howard,,Black Non-Hispanic,2010-2012,Suicide rate
Kent,,Black Non-Hispanic,2010-2012,Suicide rate
Montgomery,3.8,Black Non-Hispanic,2010-2012,Suicide rate
Prince George's,4.2,Black Non-Hispanic,2010-2012,Suicide rate
Queen Anne's,,Black Non-Hispanic,2010-2012,Suicide rate
Saint Mary's,,Black Non-Hispanic,2010-2012,Suicide rate
Somerset,,Black Non-Hispanic,2010-2012,Suicide rate
Talbot,,Black Non-Hispanic,2010-2012,Suicide rate
Washington,,Black Non-Hispanic,2010-2012,Suicide rate
Wicomico,,Black Non-Hispanic,2010-2012,Suicide rate
Worcester,,Black Non-Hispanic,2010-2012,Suicide rate
State,2.7,Hispanic,2010-2012,Suicide rate
Allegany,,Hispanic,2010-2012,Suicide rate
Anne Arundel,,Hispanic,2010-2012,Suicide rate
Baltimore City,,Hispanic,2010-2012,Suicide rate
Baltimore County,,Hispanic,2010-2012,Suicide rate
Caroline,,Hispanic,2010-2012,Suicide rate
Carroll,,Hispanic,2010-2012,Suicide rate
Cecil,,Hispanic,2010-2012,Suicide rate
Charles,,Hispanic,2010-2012,Suicide rate
Dorchester,,Hispanic,2010-2012,Suicide rate
Frederick,,Hispanic,2010-2012,Suicide rate
Garrett,,Hispanic,2010-2012,Suicide rate
Harford,,Hispanic,2010-2012,Suicide rate
Howard,,Hispanic,2010-2012,Suicide rate
Kent,,Hispanic,2010-2012,Suicide rate
Montgomery,,Hispanic,2010-2012,Suicide rate
Prince George's,,Hispanic,2010-2012,Suicide rate
Queen Anne's,,Hispanic,2010-2012,Suicide rate
Saint Mary's,,Hispanic,2010-2012,Suicide rate
Somerset,,Hispanic,2010-2012,Suicide rate
Talbot,,Hispanic,2010-2012,Suicide rate
Washington,,Hispanic,2010-2012,Suicide rate
Wicomico,,Hispanic,2010-2012,Suicide rate
Worcester,,Hispanic,2010-2012,Suicide rate
State,11.7,White Non-Hispanic,2010-2012,Suicide rate
Allegany,13.1,White Non-Hispanic,2010-2012,Suicide rate
Anne Arundel,9.8,White Non-Hispanic,2010-2012,Suicide rate
Baltimore City,14.8,White Non-Hispanic,2010-2012,Suicide rate
Baltimore County,13.1,White Non-Hispanic,2010-2012,Suicide rate
Calvert,17.3,White Non-Hispanic,2010-2012,Suicide rate
Caroline,,White Non-Hispanic,2010-2012,Suicide rate
Carroll,10.0,White Non-Hispanic,2010-2012,Suicide rate
Cecil,15.3,White Non-Hispanic,2010-2012,Suicide rate
Charles,13.4,White Non-Hispanic,2010-2012,Suicide rate
Dorchester,,White Non-Hispanic,2010-2012,Suicide rate
Frederick,9.7,White Non-Hispanic,2010-2012,Suicide rate
Garrett,,White Non-Hispanic,2010-2012,Suicide rate
Harford,12.8,White Non-Hispanic,2010-2012,Suicide rate
Howard,10.1,White Non-Hispanic,2010-2012,Suicide rate
Kent,,White Non-Hispanic,2010-2012,Suicide rate
Montgomery,9.7,White Non-Hispanic,2010-2012,Suicide rate
Prince George's,13.0,White Non-Hispanic,2010-2012,Suicide rate
Queen Anne's,,White Non-Hispanic,2010-2012,Suicide rate
Saint Mary's,14.5,White Non-Hispanic,2010-2012,Suicide rate
Somerset,,White Non-Hispanic,2010-2012,Suicide rate
Talbot,,White Non-Hispanic,2010-2012,Suicide rate
Washington,12.8,White Non-Hispanic,2010-2012,Suicide rate
Wicomico,11.8,White Non-Hispanic,2010-2012,Suicide rate
Worcester,16.8,White Non-Hispanic,2010-2012,Suicide rate
State,6.0,Asian/ Pacific Islander Non-Hispanic,2010-2012,Suicide rate
Allegany,,Asian/ Pacific Islander Non-Hispanic,2010-2012,Suicide rate
Anne Arundel,,Asian/ Pacific Islander Non-Hispanic,2010-2012,Suicide rate
Baltimore City,,Asian/ Pacific Islander Non-Hispanic,2010-2012,Suicide rate
Baltimore County,,Asian/ Pacific Islander Non-Hispanic,2010-2012,Suicide rate
Calvert,,Asian/ Pacific Islander Non-Hispanic,2010-2012,Suicide rate
Caroline,,Asian/ Pacific Islander Non-Hispanic,2010-2012,Suicide rate
Carroll,,Asian/ Pacific Islander Non-Hispanic,2010-2012,Suicide rate
Cecil,,Asian/ Pacific Islander Non-Hispanic,2010-2012,Suicide rate
Charles,,Asian/ Pacific Islander Non-Hispanic,2010-2012,Suicide rate
Dorchester,,Asian/ Pacific Islander Non-Hispanic,2010-2012,Suicide rate
Frederick,,Asian/ Pacific Islander Non-Hispanic,2010-2012,Suicide rate
Garrett,,Asian/ Pacific Islander Non-Hispanic,2010-2012,Suicide rate
Harford,,Asian/ Pacific Islander Non-Hispanic,2010-2012,Suicide rate
Howard,,Asian/ Pacific Islander Non-Hispanic,2010-2012,Suicide rate
Kent,,Asian/ Pacific Islander Non-Hispanic,2010-2012,Suicide rate
Montgomery,4.9,Asian/ Pacific Islander Non-Hispanic,2010-2012,Suicide rate
Prince George's,,Asian/ Pacific Islander Non-Hispanic,2010-2012,Suicide rate
Queen Anne's,,Asian/ Pacific Islander Non-Hispanic,2010-2012,Suicide rate
Saint Mary's,,Asian/ Pacific Islander Non-Hispanic,2010-2012,Suicide rate
Somerset,,Asian/ Pacific Islander Non-Hispanic,2010-2012,Suicide rate
Talbot,,Asian/ Pacific Islander Non-Hispanic,2010-2012,Suicide rate
Washington,,Asian/ Pacific Islander Non-Hispanic,2010-2012,Suicide rate
Wicomico,,Asian/ Pacific Islander Non-Hispanic,2010-2012,Suicide rate
Worcester,,Asian/ Pacific Islander Non-Hispanic,2010-2012,Suicide rate
State,8.9,All races/ethnicities (aggregated),2009-2011,Suicide rate
Allegany,11.9,All races/ethnicities (aggregated),2009-2011,Suicide rate
Anne Arundel,9.4,All races/ethnicities (aggregated),2009-2011,Suicide rate
Baltimore City,8.3,All races/ethnicities (aggregated),2009-2011,Suicide rate
Baltimore County,10.1,All races/ethnicities (aggregated),2009-2011,Suicide rate
Calvert,11.4,All races/ethnicities (aggregated),2009-2011,Suicide rate
Caroline,,All races/ethnicities (aggregated),2009-2011,Suicide rate
Carroll,9.2,All races/ethnicities (aggregated),2009-2011,Suicide rate
Cecil,16.8,All races/ethnicities (aggregated),2009-2011,Suicide rate
Charles,11.0,All races/ethnicities (aggregated),2009-2011,Suicide rate
Dorchester,,All races/ethnicities (aggregated),2009-2011,Suicide rate
Frederick,10.1,All races/ethnicities (aggregated),2009-2011,Suicide rate
Garrett,,All races/ethnicities (aggregated),2009-2011,Suicide rate
Harford,11.2,All races/ethnicities (aggregated),2009-2011,Suicide rate
Howard,9.3,All races/ethnicities (aggregated),2009-2011,Suicide rate
Kent,,All races/ethnicities (aggregated),2009-2011,Suicide rate
Montgomery,7.3,All races/ethnicities (aggregated),2009-2011,Suicide rate
Prince George's,6.0,All races/ethnicities (aggregated),2009-2011,Suicide rate
Queen Anne's,,All races/ethnicities (aggregated),2009-2011,Suicide rate
Saint Mary's,11.1,All races/ethnicities (aggregated),2009-2011,Suicide rate
Somerset,,All races/ethnicities (aggregated),2009-2011,Suicide rate
Talbot,,All races/ethnicities (aggregated),2009-2011,Suicide rate
Washington,11.2,All races/ethnicities (aggregated),2009-2011,Suicide rate
Wicomico,9.5,All races/ethnicities (aggregated),2009-2011,Suicide rate
Worcester,13.8,All races/ethnicities (aggregated),2009-2011,Suicide rate
State,5.1,Black Non-Hispanic,2009-2011,Suicide rate
Allegany,,Black Non-Hispanic,2009-2011,Suicide rate
Anne Arundel,8.4,Black Non-Hispanic,2009-2011,Suicide rate
Baltimore City,4.8,Black Non-Hispanic,2009-2011,Suicide rate
Baltimore County,4.9,Black Non-Hispanic,2009-2011,Suicide rate
Calvert,,Black Non-Hispanic,2009-2011,Suicide rate
Caroline,,Black Non-Hispanic,2009-2011,Suicide rate
Carroll,,Black Non-Hispanic,2009-2011,Suicide rate
Cecil,,Black Non-Hispanic,2009-2011,Suicide rate
Charles,,Black Non-Hispanic,2009-2011,Suicide rate
Dorchester,,Black Non-Hispanic,2009-2011,Suicide rate
Frederick,,Black Non-Hispanic,2009-2011,Suicide rate
Garrett,,Black Non-Hispanic,2009-2011,Suicide rate
Harford,,Black Non-Hispanic,2009-2011,Suicide rate
Howard,,Black Non-Hispanic,2009-2011,Suicide rate
Kent,,Black Non-Hispanic,2009-2011,Suicide rate
Montgomery,5.0,Black Non-Hispanic,2009-2011,Suicide rate
Prince George's,4.3,Black Non-Hispanic,2009-2011,Suicide rate
Queen Anne's,,Black Non-Hispanic,2009-2011,Suicide rate
Saint Mary's,,Black Non-Hispanic,2009-2011,Suicide rate
Somerset,,Black Non-Hispanic,2009-2011,Suicide rate
Talbot,,Black Non-Hispanic,2009-2011,Suicide rate
Washington,,Black Non-Hispanic,2009-2011,Suicide rate
Wicomico,,Black Non-Hispanic,2009-2011,Suicide rate
Worcester,,Black Non-Hispanic,2009-2011,Suicide rate
State,3.0,Hispanic,2009-2011,Suicide rate
Allegany,,Hispanic,2009-2011,Suicide rate
Anne Arundel,,Hispanic,2009-2011,Suicide rate
Baltimore City,,Hispanic,2009-2011,Suicide rate
Baltimore County,,Hispanic,2009-2011,Suicide rate
Calvert,,Hispanic,2009-2011,Suicide rate
Caroline,,Hispanic,2009-2011,Suicide rate
Carroll,,Hispanic,2009-2011,Suicide rate
Cecil,,Hispanic,2009-2011,Suicide rate
Charles,,Hispanic,2009-2011,Suicide rate
Dorchester,,Hispanic,2009-2011,Suicide rate
Frederick,,Hispanic,2009-2011,Suicide rate
Garrett,,Hispanic,2009-2011,Suicide rate
Harford,,Hispanic,2009-2011,Suicide rate
Howard,,Hispanic,2009-2011,Suicide rate
Kent,,Hispanic,2009-2011,Suicide rate
Montgomery,,Hispanic,2009-2011,Suicide rate
Prince George's,,Hispanic,2009-2011,Suicide rate
Queen Anne's,,Hispanic,2009-2011,Suicide rate
Saint Mary's,,Hispanic,2009-2011,Suicide rate
Somerset,,Hispanic,2009-2011,Suicide rate
Talbot,,Hispanic,2009-2011,Suicide rate
Washington,,Hispanic,2009-2011,Suicide rate
Wicomico,,Hispanic,2009-2011,Suicide rate
Worcester,,Hispanic,2009-2011,Suicide rate
State,11.8,White Non-Hispanic,2009-2011,Suicide rate
Allegany,13.2,White Non-Hispanic,2009-2011,Suicide rate
Anne Arundel,10.0,White Non-Hispanic,2009-2011,Suicide rate
Baltimore City,16.4,White Non-Hispanic,2009-2011,Suicide rate
Baltimore County,12.6,White Non-Hispanic,2009-2011,Suicide rate
Calvert,12.9,White Non-Hispanic,2009-2011,Suicide rate
Caroline,,White Non-Hispanic,2009-2011,Suicide rate
Carroll,9.8,White Non-Hispanic,2009-2011,Suicide rate
Cecil,17.5,White Non-Hispanic,2009-2011,Suicide rate
Charles,14.1,White Non-Hispanic,2009-2011,Suicide rate
Dorchester,,White Non-Hispanic,2009-2011,Suicide rate
Frederick,10.6,White Non-Hispanic,2009-2011,Suicide rate
Garrett,,White Non-Hispanic,2009-2011,Suicide rate
Harford,12.2,White Non-Hispanic,2009-2011,Suicide rate
Howard,10.5,White Non-Hispanic,2009-2011,Suicide rate
Kent,,White Non-Hispanic,2009-2011,Suicide rate
Montgomery,10.2,White Non-Hispanic,2009-2011,Suicide rate
Prince George's,14.8,White Non-Hispanic,2009-2011,Suicide rate
Queen Anne's,,White Non-Hispanic,2009-2011,Suicide rate
Saint Mary's,13.6,White Non-Hispanic,2009-2011,Suicide rate
Somerset,,White Non-Hispanic,2009-2011,Suicide rate
Talbot,,White Non-Hispanic,2009-2011,Suicide rate
Washington,12.0,White Non-Hispanic,2009-2011,Suicide rate
Wicomico,11.1,White Non-Hispanic,2009-2011,Suicide rate
Worcester,17.3,White Non-Hispanic,2009-2011,Suicide rate
State,5.8,Asian/ Pacific Islander Non-Hispanic,2009-2011,Suicide rate
Allegany,,Asian/ Pacific Islander Non-Hispanic,2009-2011,Suicide rate
Anne Arundel,,Asian/ Pacific Islander Non-Hispanic,2009-2011,Suicide rate
Baltimore City,,Asian/ Pacific Islander Non-Hispanic,2009-2011,Suicide rate
Baltimore County,,Asian/ Pacific Islander Non-Hispanic,2009-2011,Suicide rate
Calvert,,Asian/ Pacific Islander Non-Hispanic,2009-2011,Suicide rate
Caroline,,Asian/ Pacific Islander Non-Hispanic,2009-2011,Suicide rate
Carroll,,Asian/ Pacific Islander Non-Hispanic,2009-2011,Suicide rate
Cecil,,Asian/ Pacific Islander Non-Hispanic,2009-2011,Suicide rate
Charles,,Asian/ Pacific Islander Non-Hispanic,2009-2011,Suicide rate
Dorchester,,Asian/ Pacific Islander Non-Hispanic,2009-2011,Suicide rate
Frederick,,Asian/ Pacific Islander Non-Hispanic,2009-2011,Suicide rate
Garrett,,Asian/ Pacific Islander Non-Hispanic,2009-2011,Suicide rate
Harford,,Asian/ Pacific Islander Non-Hispanic,2009-2011,Suicide rate
Howard,,Asian/ Pacific Islander Non-Hispanic,2009-2011,Suicide rate
Kent,,Asian/ Pacific Islander Non-Hispanic,2009-2011,Suicide rate
Montgomery,4.7,Asian/ Pacific Islander Non-Hispanic,2009-2011,Suicide rate
Anne Arundel,,Hispanic,2008-2010,Suicide rate
Prince George's,,Asian/ Pacific Islander Non-Hispanic,2009-2011,Suicide rate
Queen Anne's,,Asian/ Pacific Islander Non-Hispanic,2009-2011,Suicide rate
Saint Mary's,,Asian/ Pacific Islander Non-Hispanic,2009-2011,Suicide rate
Somerset,,Asian/ Pacific Islander Non-Hispanic,2009-2011,Suicide rate
Talbot,,Asian/ Pacific Islander Non-Hispanic,2009-2011,Suicide rate
Washington,,Asian/ Pacific Islander Non-Hispanic,2009-2011,Suicide rate
Wicomico,,Asian/ Pacific Islander Non-Hispanic,2009-2011,Suicide rate
Worcester,,Asian/ Pacific Islander Non-Hispanic,2009-2011,Suicide rate
State,8.7,All races/ethnicities (aggregated),2008-2010,Suicide rate
Allegany,11.4,All races/ethnicities (aggregated),2008-2010,Suicide rate
Anne Arundel,9.5,All races/ethnicities (aggregated),2008-2010,Suicide rate
Baltimore City,8.0,All races/ethnicities (aggregated),2008-2010,Suicide rate
Baltimore County,9.5,All races/ethnicities (aggregated),2008-2010,Suicide rate
Calvert,10.9,All races/ethnicities (aggregated),2008-2010,Suicide rate
Caroline,,All races/ethnicities (aggregated),2008-2010,Suicide rate
Carroll,8.8,All races/ethnicities (aggregated),2008-2010,Suicide rate
Cecil,12.8,All races/ethnicities (aggregated),2008-2010,Suicide rate
Charles,11.1,All races/ethnicities (aggregated),2008-2010,Suicide rate
Dorchester,,All races/ethnicities (aggregated),2008-2010,Suicide rate
Frederick,11.8,All races/ethnicities (aggregated),2008-2010,Suicide rate
Garrett,,All races/ethnicities (aggregated),2008-2010,Suicide rate
Harford,11.9,All races/ethnicities (aggregated),2008-2010,Suicide rate
Howard,8.4,All races/ethnicities (aggregated),2008-2010,Suicide rate
Kent,,All races/ethnicities (aggregated),2008-2010,Suicide rate
Montgomery,6.9,All races/ethnicities (aggregated),2008-2010,Suicide rate
Prince George's,6.0,All races/ethnicities (aggregated),2008-2010,Suicide rate
Queen Anne's,,All races/ethnicities (aggregated),2008-2010,Suicide rate
Saint Mary's,12.0,All races/ethnicities (aggregated),2008-2010,Suicide rate
Somerset,,All races/ethnicities (aggregated),2008-2010,Suicide rate
Talbot,,All races/ethnicities (aggregated),2008-2010,Suicide rate
Washington,10.6,All races/ethnicities (aggregated),2008-2010,Suicide rate
Wicomico,10.5,All races/ethnicities (aggregated),2008-2010,Suicide rate
Worcester,12.3,All races/ethnicities (aggregated),2008-2010,Suicide rate
State,4.8,Black Non-Hispanic,2008-2010,Suicide rate
Allegany,,Black Non-Hispanic,2008-2010,Suicide rate
Anne Arundel,9.3,Black Non-Hispanic,2008-2010,Suicide rate
Baltimore City,3.9,Black Non-Hispanic,2008-2010,Suicide rate
Baltimore County,4.1,Black Non-Hispanic,2008-2010,Suicide rate
Calvert,,Black Non-Hispanic,2008-2010,Suicide rate
Caroline,,Black Non-Hispanic,2008-2010,Suicide rate
Carroll,,Black Non-Hispanic,2008-2010,Suicide rate
Cecil,,Black Non-Hispanic,2008-2010,Suicide rate
Charles,,Black Non-Hispanic,2008-2010,Suicide rate
Dorchester,,Black Non-Hispanic,2008-2010,Suicide rate
Frederick,,Black Non-Hispanic,2008-2010,Suicide rate
Garrett,,Black Non-Hispanic,2008-2010,Suicide rate
Harford,,Black Non-Hispanic,2008-2010,Suicide rate
Howard,,Black Non-Hispanic,2008-2010,Suicide rate
Kent,,Black Non-Hispanic,2008-2010,Suicide rate
Montgomery,4.6,Black Non-Hispanic,2008-2010,Suicide rate
Prince George's,4.0,Black Non-Hispanic,2008-2010,Suicide rate
Queen Anne's,,Black Non-Hispanic,2008-2010,Suicide rate
Saint Mary's,,Black Non-Hispanic,2008-2010,Suicide rate
Somerset,,Black Non-Hispanic,2008-2010,Suicide rate
Talbot,,Black Non-Hispanic,2008-2010,Suicide rate
Washington,,Black Non-Hispanic,2008-2010,Suicide rate
Wicomico,,Black Non-Hispanic,2008-2010,Suicide rate
Worcester,,Black Non-Hispanic,2008-2010,Suicide rate
State,3.0,Hispanic,2008-2010,Suicide rate
Allegany,,Hispanic,2008-2010,Suicide rate
Baltimore City,,Hispanic,2008-2010,Suicide rate
Baltimore County,,Hispanic,2008-2010,Suicide rate
Calvert,,Hispanic,2008-2010,Suicide rate
Caroline,,Hispanic,2008-2010,Suicide rate
Carroll,,Hispanic,2008-2010,Suicide rate
Cecil,,Hispanic,2008-2010,Suicide rate
Charles,,Hispanic,2008-2010,Suicide rate
Dorchester,,Hispanic,2008-2010,Suicide rate
Frederick,,Hispanic,2008-2010,Suicide rate
Garrett,,Hispanic,2008-2010,Suicide rate
Harford,,Hispanic,2008-2010,Suicide rate
Howard,,Hispanic,2008-2010,Suicide rate
Kent,,Hispanic,2008-2010,Suicide rate
Montgomery,,Hispanic,2008-2010,Suicide rate
Prince George's,,Hispanic,2008-2010,Suicide rate
Queen Anne's,,Hispanic,2008-2010,Suicide rate
Saint Mary's,,Hispanic,2008-2010,Suicide rate
Somerset,,Hispanic,2008-2010,Suicide rate
Talbot,,Hispanic,2008-2010,Suicide rate
Washington,,Hispanic,2008-2010,Suicide rate
Wicomico,,Hispanic,2008-2010,Suicide rate
Worcester,,Hispanic,2008-2010,Suicide rate
State,11.4,White Non-Hispanic,2008-2010,Suicide rate
Allegany,12.9,White Non-Hispanic,2008-2010,Suicide rate
Anne Arundel,9.6,White Non-Hispanic,2008-2010,Suicide rate
Baltimore City,16.0,White Non-Hispanic,2008-2010,Suicide rate
Baltimore County,11.7,White Non-Hispanic,2008-2010,Suicide rate
Calvert,13.5,White Non-Hispanic,2008-2010,Suicide rate
Caroline,,White Non-Hispanic,2008-2010,Suicide rate
Carroll,9.4,White Non-Hispanic,2008-2010,Suicide rate
Cecil,13.0,White Non-Hispanic,2008-2010,Suicide rate
Charles,13.3,White Non-Hispanic,2008-2010,Suicide rate
Dorchester,,White Non-Hispanic,2008-2010,Suicide rate
Frederick,12.9,White Non-Hispanic,2008-2010,Suicide rate
Garrett,,White Non-Hispanic,2008-2010,Suicide rate
Harford,13.3,White Non-Hispanic,2008-2010,Suicide rate
Howard,9.2,White Non-Hispanic,2008-2010,Suicide rate
Kent,,White Non-Hispanic,2008-2010,Suicide rate
Montgomery,9.6,White Non-Hispanic,2008-2010,Suicide rate
Prince George's,12.8,White Non-Hispanic,2008-2010,Suicide rate
Queen Anne's,,White Non-Hispanic,2008-2010,Suicide rate
Saint Mary's,13.3,White Non-Hispanic,2008-2010,Suicide rate
Somerset,,White Non-Hispanic,2008-2010,Suicide rate
Talbot,,White Non-Hispanic,2008-2010,Suicide rate
Washington,11.9,White Non-Hispanic,2008-2010,Suicide rate
Wicomico,11.9,White Non-Hispanic,2008-2010,Suicide rate
Worcester,15.2,White Non-Hispanic,2008-2010,Suicide rate
State,6.0,Asian/ Pacific Islander Non-Hispanic,2008-2010,Suicide rate
Allegany,,Asian/ Pacific Islander Non-Hispanic,2008-2010,Suicide rate
Anne Arundel,,Asian/ Pacific Islander Non-Hispanic,2008-2010,Suicide rate
Baltimore City,,Asian/ Pacific Islander Non-Hispanic,2008-2010,Suicide rate
Baltimore County,,Asian/ Pacific Islander Non-Hispanic,2008-2010,Suicide rate
Calvert,,Asian/ Pacific Islander Non-Hispanic,2008-2010,Suicide rate
Caroline,,Asian/ Pacific Islander Non-Hispanic,2008-2010,Suicide rate
Carroll,,Asian/ Pacific Islander Non-Hispanic,2008-2010,Suicide rate
Cecil,,Asian/ Pacific Islander Non-Hispanic,2008-2010,Suicide rate
Charles,,Asian/ Pacific Islander Non-Hispanic,2008-2010,Suicide rate
Dorchester,,Asian/ Pacific Islander Non-Hispanic,2008-2010,Suicide rate
Frederick,,Asian/ Pacific Islander Non-Hispanic,2008-2010,Suicide rate
Garrett,,Asian/ Pacific Islander Non-Hispanic,2008-2010,Suicide rate
Harford,,Asian/ Pacific Islander Non-Hispanic,2008-2010,Suicide rate
Howard,,Asian/ Pacific Islander Non-Hispanic,2008-2010,Suicide rate
Kent,,Asian/ Pacific Islander Non-Hispanic,2008-2010,Suicide rate
Montgomery,4.8,Asian/ Pacific Islander Non-Hispanic,2008-2010,Suicide rate
Prince George's,,Asian/ Pacific Islander Non-Hispanic,2008-2010,Suicide rate
Queen Anne's,,Asian/ Pacific Islander Non-Hispanic,2008-2010,Suicide rate
Saint Mary's,,Asian/ Pacific Islander Non-Hispanic,2008-2010,Suicide rate
Somerset,,Asian/ Pacific Islander Non-Hispanic,2008-2010,Suicide rate
Talbot,,Asian/ Pacific Islander Non-Hispanic,2008-2010,Suicide rate
Washington,,Asian/ Pacific Islander Non-Hispanic,2008-2010,Suicide rate
Wicomico,,Asian/ Pacific Islander Non-Hispanic,2008-2010,Suicide rate
Worcester,,Asian/ Pacific Islander Non-Hispanic,2008-2010,Suicide rate
State,8.9,All races/ethnicities (aggregated),2007-2009,Suicide rate
Allegany,11.2,All races/ethnicities (aggregated),2007-2009,Suicide rate
Anne Arundel,9.4,All races/ethnicities (aggregated),2007-2009,Suicide rate
Baltimore City,7.9,All races/ethnicities (aggregated),2007-2009,Suicide rate
Baltimore County,9.7,All races/ethnicities (aggregated),2007-2009,Suicide rate
Calvert,8.8,All races/ethnicities (aggregated),2007-2009,Suicide rate
Caroline,,All races/ethnicities (aggregated),2007-2009,Suicide rate
Carroll,10.4,All races/ethnicities (aggregated),2007-2009,Suicide rate
Cecil,13.6,All races/ethnicities (aggregated),2007-2009,Suicide rate
Charles,12.5,All races/ethnicities (aggregated),2007-2009,Suicide rate
Dorchester,,All races/ethnicities (aggregated),2007-2009,Suicide rate
Frederick,11.7,All races/ethnicities (aggregated),2007-2009,Suicide rate
Garrett,,All races/ethnicities (aggregated),2007-2009,Suicide rate
Harford,11.3,All races/ethnicities (aggregated),2007-2009,Suicide rate
Howard,7.9,All races/ethnicities (aggregated),2007-2009,Suicide rate
Kent,,All races/ethnicities (aggregated),2007-2009,Suicide rate
Montgomery,7.0,All races/ethnicities (aggregated),2007-2009,Suicide rate
Prince George's,6.4,All races/ethnicities (aggregated),2007-2009,Suicide rate
Queen Anne's,,All races/ethnicities (aggregated),2007-2009,Suicide rate
Saint Mary's,11.9,All races/ethnicities (aggregated),2007-2009,Suicide rate
Somerset,,All races/ethnicities (aggregated),2007-2009,Suicide rate
Talbot,,All races/ethnicities (aggregated),2007-2009,Suicide rate
Washington,12.5,All races/ethnicities (aggregated),2007-2009,Suicide rate
Wicomico,10.9,All races/ethnicities (aggregated),2007-2009,Suicide rate
Worcester,12.8,All races/ethnicities (aggregated),2007-2009,Suicide rate
State,4.9,Black Non-Hispanic,2007-2009,Suicide rate
Allegany,,Black Non-Hispanic,2007-2009,Suicide rate
Anne Arundel,8.5,Black Non-Hispanic,2007-2009,Suicide rate
Baltimore City,5.0,Black Non-Hispanic,2007-2009,Suicide rate
Baltimore County,,Black Non-Hispanic,2007-2009,Suicide rate
Calvert,,Black Non-Hispanic,2007-2009,Suicide rate
Caroline,,Black Non-Hispanic,2007-2009,Suicide rate
Carroll,,Black Non-Hispanic,2007-2009,Suicide rate
Cecil,,Black Non-Hispanic,2007-2009,Suicide rate
Charles,,Black Non-Hispanic,2007-2009,Suicide rate
Dorchester,,Black Non-Hispanic,2007-2009,Suicide rate
Frederick,,Black Non-Hispanic,2007-2009,Suicide rate
Garrett,,Black Non-Hispanic,2007-2009,Suicide rate
Harford,,Black Non-Hispanic,2007-2009,Suicide rate
Howard,,Black Non-Hispanic,2007-2009,Suicide rate
Kent,,Black Non-Hispanic,2007-2009,Suicide rate
Montgomery,4.6,Black Non-Hispanic,2007-2009,Suicide rate
Prince George's,4.9,Black Non-Hispanic,2007-2009,Suicide rate
Queen Anne's,,Black Non-Hispanic,2007-2009,Suicide rate
Saint Mary's,,Black Non-Hispanic,2007-2009,Suicide rate
Somerset,,Black Non-Hispanic,2007-2009,Suicide rate
Talbot,,Black Non-Hispanic,2007-2009,Suicide rate
Washington,,Black Non-Hispanic,2007-2009,Suicide rate
Wicomico,,Black Non-Hispanic,2007-2009,Suicide rate
Worcester,,Black Non-Hispanic,2007-2009,Suicide rate
State,3.8,Hispanic,2007-2009,Suicide rate
Allegany,,Hispanic,2007-2009,Suicide rate
Anne Arundel,,Hispanic,2007-2009,Suicide rate
Baltimore City,,Hispanic,2007-2009,Suicide rate
Baltimore County,,Hispanic,2007-2009,Suicide rate
Calvert,,Hispanic,2007-2009,Suicide rate
Caroline,,Hispanic,2007-2009,Suicide rate
Carroll,,Hispanic,2007-2009,Suicide rate
Cecil,,Hispanic,2007-2009,Suicide rate
Charles,,Hispanic,2007-2009,Suicide rate
Dorchester,,Hispanic,2007-2009,Suicide rate
Frederick,,Hispanic,2007-2009,Suicide rate
Garrett,,Hispanic,2007-2009,Suicide rate
Harford,,Hispanic,2007-2009,Suicide rate
Howard,,Hispanic,2007-2009,Suicide rate
Kent,,Hispanic,2007-2009,Suicide rate
Montgomery,,Hispanic,2007-2009,Suicide rate
Prince George's,,Hispanic,2007-2009,Suicide rate
Queen Anne's,,Hispanic,2007-2009,Suicide rate
Saint Mary's,,Hispanic,2007-2009,Suicide rate
Somerset,,Hispanic,2007-2009,Suicide rate
Talbot,,Hispanic,2007-2009,Suicide rate
Washington,,Hispanic,2007-2009,Suicide rate
Wicomico,,Hispanic,2007-2009,Suicide rate
Worcester,,Hispanic,2007-2009,Suicide rate
State,11.5,White Non-Hispanic,2007-2009,Suicide rate
Allegany,12.4,White Non-Hispanic,2007-2009,Suicide rate
Anne Arundel,9.7,White Non-Hispanic,2007-2009,Suicide rate
Baltimore City,13.4,White Non-Hispanic,2007-2009,Suicide rate
Baltimore County,12.7,White Non-Hispanic,2007-2009,Suicide rate
Calvert,10.9,White Non-Hispanic,2007-2009,Suicide rate
Caroline,,White Non-Hispanic,2007-2009,Suicide rate
Carroll,11.1,White Non-Hispanic,2007-2009,Suicide rate
Cecil,13.9,White Non-Hispanic,2007-2009,Suicide rate
Charles,14.9,White Non-Hispanic,2007-2009,Suicide rate
Dorchester,,White Non-Hispanic,2007-2009,Suicide rate
Frederick,13.0,White Non-Hispanic,2007-2009,Suicide rate
Garrett,,White Non-Hispanic,2007-2009,Suicide rate
Harford,12.4,White Non-Hispanic,2007-2009,Suicide rate
Howard,8.9,White Non-Hispanic,2007-2009,Suicide rate
Kent,,White Non-Hispanic,2007-2009,Suicide rate
Montgomery,9.2,White Non-Hispanic,2007-2009,Suicide rate
Prince George's,11.1,White Non-Hispanic,2007-2009,Suicide rate
Queen Anne's,,White Non-Hispanic,2007-2009,Suicide rate
Saint Mary's,13.1,White Non-Hispanic,2007-2009,Suicide rate
Somerset,,White Non-Hispanic,2007-2009,Suicide rate
Talbot,,White Non-Hispanic,2007-2009,Suicide rate
Washington,14.1,White Non-Hispanic,2007-2009,Suicide rate
Wicomico,13.4,White Non-Hispanic,2007-2009,Suicide rate
Worcester,15.5,White Non-Hispanic,2007-2009,Suicide rate
State,5.8,Asian/ Pacific Islander Non-Hispanic,2007-2009,Suicide rate
Allegany,,Asian/ Pacific Islander Non-Hispanic,2007-2009,Suicide rate
Anne Arundel,,Asian/ Pacific Islander Non-Hispanic,2007-2009,Suicide rate
Baltimore City,,Asian/ Pacific Islander Non-Hispanic,2007-2009,Suicide rate
Baltimore County,,Asian/ Pacific Islander Non-Hispanic,2007-2009,Suicide rate
Calvert,,Asian/ Pacific Islander Non-Hispanic,2007-2009,Suicide rate
Caroline,,Asian/ Pacific Islander Non-Hispanic,2007-2009,Suicide rate
Carroll,,Asian/ Pacific Islander Non-Hispanic,2007-2009,Suicide rate
Cecil,,Asian/ Pacific Islander Non-Hispanic,2007-2009,Suicide rate
Charles,,Asian/ Pacific Islander Non-Hispanic,2007-2009,Suicide rate
Dorchester,,Asian/ Pacific Islander Non-Hispanic,2007-2009,Suicide rate
Frederick,,Asian/ Pacific Islander Non-Hispanic,2007-2009,Suicide rate
Garrett,,Asian/ Pacific Islander Non-Hispanic,2007-2009,Suicide rate
Harford,,Asian/ Pacific Islander Non-Hispanic,2007-2009,Suicide rate
Howard,,Asian/ Pacific Islander Non-Hispanic,2007-2009,Suicide rate
Kent,,Asian/ Pacific Islander Non-Hispanic,2007-2009,Suicide rate
Montgomery,5.5,Asian/ Pacific Islander Non-Hispanic,2007-2009,Suicide rate
Prince George's,,Asian/ Pacific Islander Non-Hispanic,2007-2009,Suicide rate
Queen Anne's,,Asian/ Pacific Islander Non-Hispanic,2007-2009,Suicide rate
Saint Mary's,,Asian/ Pacific Islander Non-Hispanic,2007-2009,Suicide rate
Somerset,,Asian/ Pacific Islander Non-Hispanic,2007-2009,Suicide rate
Talbot,,Asian/ Pacific Islander Non-Hispanic,2007-2009,Suicide rate
Washington,,Asian/ Pacific Islander Non-Hispanic,2007-2009,Suicide rate
Wicomico,,Asian/ Pacific Islander Non-Hispanic,2007-2009,Suicide rate
Worcester,,Asian/ Pacific Islander Non-Hispanic,2007-2009,Suicide rate
Wicomico,,All races/ ethnicities (aggregated),2016-2018,Suicide Rate
Worcester,,All races/ ethnicities (aggregated),2016-2018,Suicide Rate
Harford,,American Indian/Alaska Native Non-Hispanic/Latino,2016-2018,Suicide Rate
Howard,,American Indian/Alaska Native Non-Hispanic/Latino,2016-2018,Suicide Rate
State,,American Indian/Alaska Native Non-Hispanic/Latino,2016-2018,Suicide Rate
Allegany,,American Indian/Alaska Native Non-Hispanic/Latino,2016-2018,Suicide Rate
Anne Arundel,,American Indian/Alaska Native Non-Hispanic/Latino,2016-2018,Suicide Rate
Baltimore City,,American Indian/Alaska Native Non-Hispanic/Latino,2016-2018,Suicide Rate
Baltimore County,,American Indian/Alaska Native Non-Hispanic/Latino,2016-2018,Suicide Rate
Calvert,,American Indian/Alaska Native Non-Hispanic/Latino,2016-2018,Suicide Rate
Caroline,,American Indian/Alaska Native Non-Hispanic/Latino,2016-2018,Suicide Rate
Carroll,,American Indian/Alaska Native Non-Hispanic/Latino,2016-2018,Suicide Rate
Cecil,,American Indian/Alaska Native Non-Hispanic/Latino,2016-2018,Suicide Rate
Charles,,American Indian/Alaska Native Non-Hispanic/Latino,2016-2018,Suicide Rate
Dorchester,,American Indian/Alaska Native Non-Hispanic/Latino,2016-2018,Suicide Rate
Frederick,,American Indian/Alaska Native Non-Hispanic/Latino,2016-2018,Suicide Rate
Garrett,,American Indian/Alaska Native Non-Hispanic/Latino,2016-2018,Suicide Rate
State,9.8,All races/ ethnicities (aggregated),2016-2018,Suicide Rate
Allegany,,All races/ ethnicities (aggregated),2016-2018,Suicide Rate
Anne Arundel,12.7,All races/ ethnicities (aggregated),2016-2018,Suicide Rate
Baltimore City,8.9,All races/ ethnicities (aggregated),2016-2018,Suicide Rate
Baltimore County,10.1,All races/ ethnicities (aggregated),2016-2018,Suicide Rate
Calvert,,All races/ ethnicities (aggregated),2016-2018,Suicide Rate
Caroline,,All races/ ethnicities (aggregated),2016-2018,Suicide Rate
Carroll,14.1,All races/ ethnicities (aggregated),2016-2018,Suicide Rate
Cecil,,All races/ ethnicities (aggregated),2016-2018,Suicide Rate
Charles,,All races/ ethnicities (aggregated),2016-2018,Suicide Rate
Dorchester,,All races/ ethnicities (aggregated),2016-2018,Suicide Rate
Frederick,12.0,All races/ ethnicities (aggregated),2016-2018,Suicide Rate
Garrett,,All races/ ethnicities (aggregated),2016-2018,Suicide Rate
Harford,11.9,All races/ ethnicities (aggregated),2016-2018,Suicide Rate
Howard,6.8,All races/ ethnicities (aggregated),2016-2018,Suicide Rate
Kent,,All races/ ethnicities (aggregated),2016-2018,Suicide Rate
Montgomery,7.5,All races/ ethnicities (aggregated),2016-2018,Suicide Rate
Somerset,,White Non-Hispanic/Latino,2016-2018,Suicide Rate
Talbot,,White Non-Hispanic/Latino,2016-2018,Suicide Rate
Washington,15.1,White Non-Hispanic/Latino,2016-2018,Suicide Rate
Wicomico,,White Non-Hispanic/Latino,2016-2018,Suicide Rate
Worcester,,White Non-Hispanic/Latino,2016-2018,Suicide Rate
Worcester,,Black or African American Non-Hispanic/Latino,2016-2018,Suicide Rate
State,13.5,White Non-Hispanic/Latino,2016-2018,Suicide Rate
Allegany,,White Non-Hispanic/Latino,2016-2018,Suicide Rate
Anne Arundel,15.2,White Non-Hispanic/Latino,2016-2018,Suicide Rate
Baltimore City,16.8,White Non-Hispanic/Latino,2016-2018,Suicide Rate
Baltimore County,13.1,White Non-Hispanic/Latino,2016-2018,Suicide Rate
Calvert,,White Non-Hispanic/Latino,2016-2018,Suicide Rate
Caroline,,White Non-Hispanic/Latino,2016-2018,Suicide Rate
Carroll,15.2,White Non-Hispanic/Latino,2016-2018,Suicide Rate
Cecil,,White Non-Hispanic/Latino,2016-2018,Suicide Rate
Charles,,White Non-Hispanic/Latino,2016-2018,Suicide Rate
Dorchester,,White Non-Hispanic/Latino,2016-2018,Suicide Rate
Frederick,13.2,White Non-Hispanic/Latino,2016-2018,Suicide Rate
Garrett,,White Non-Hispanic/Latino,2016-2018,Suicide Rate
Harford,13.3,White Non-Hispanic/Latino,2016-2018,Suicide Rate
Howard,,White Non-Hispanic/Latino,2016-2018,Suicide Rate
Kent,,White Non-Hispanic/Latino,2016-2018,Suicide Rate
Montgomery,10.3,White Non-Hispanic/Latino,2016-2018,Suicide Rate
Prince George's,15.0,White Non-Hispanic/Latino,2016-2018,Suicide Rate
Queen Anne's,,White Non-Hispanic/Latino,2016-2018,Suicide Rate
Saint Mary's,,White Non-Hispanic/Latino,2016-2018,Suicide Rate
State,6.6,Asian/Pacific Islander Non-Hispanic/Latino,2016-2018,Suicide Rate
Allegany,,Asian/Pacific Islander Non-Hispanic/Latino,2016-2018,Suicide Rate
Anne Arundel,,Asian/Pacific Islander Non-Hispanic/Latino,2016-2018,Suicide Rate
Baltimore City,,Asian/Pacific Islander Non-Hispanic/Latino,2016-2018,Suicide Rate
Baltimore County,,Asian/Pacific Islander Non-Hispanic/Latino,2016-2018,Suicide Rate
Calvert,,Asian/Pacific Islander Non-Hispanic/Latino,2016-2018,Suicide Rate
Caroline,,Asian/Pacific Islander Non-Hispanic/Latino,2016-2018,Suicide Rate
Carroll,,Asian/Pacific Islander Non-Hispanic/Latino,2016-2018,Suicide Rate
Cecil,,Asian/Pacific Islander Non-Hispanic/Latino,2016-2018,Suicide Rate
Charles,,Asian/Pacific Islander Non-Hispanic/Latino,2016-2018,Suicide Rate
Dorchester,,Asian/Pacific Islander Non-Hispanic/Latino,2016-2018,Suicide Rate
Washington,14.0,All races/ ethnicities (aggregated),2016-2018,Suicide Rate
Prince George's,6.2,All races/ ethnicities (aggregated),2016-2018,Suicide Rate
Queen Anne's,,All races/ ethnicities (aggregated),2016-2018,Suicide Rate
Saint Mary's,,All races/ ethnicities (aggregated),2016-2018,Suicide Rate
Somerset,,All races/ ethnicities (aggregated),2016-2018,Suicide Rate
Talbot,,All races/ ethnicities (aggregated),2016-2018,Suicide Rate
Frederick,,Asian/Pacific Islander Non-Hispanic/Latino,2016-2018,Suicide Rate
Garrett,,Asian/Pacific Islander Non-Hispanic/Latino,2016-2018,Suicide Rate
Harford,,Asian/Pacific Islander Non-Hispanic/Latino,2016-2018,Suicide Rate
Howard,,Asian/Pacific Islander Non-Hispanic/Latino,2016-2018,Suicide Rate
Kent,,Asian/Pacific Islander Non-Hispanic/Latino,2016-2018,Suicide Rate
Montgomery,,Asian/Pacific Islander Non-Hispanic/Latino,2016-2018,Suicide Rate
Prince George's,,Asian/Pacific Islander Non-Hispanic/Latino,2016-2018,Suicide Rate
Queen Anne's,,Asian/Pacific Islander Non-Hispanic/Latino,2016-2018,Suicide Rate
Saint Mary's,,Asian/Pacific Islander Non-Hispanic/Latino,2016-2018,Suicide Rate
Somerset,,Asian/Pacific Islander Non-Hispanic/Latino,2016-2018,Suicide Rate
Talbot,,Asian/Pacific Islander Non-Hispanic/Latino,2016-2018,Suicide Rate
Washington,,Asian/Pacific Islander Non-Hispanic/Latino,2016-2018,Suicide Rate
Wicomico,,Asian/Pacific Islander Non-Hispanic/Latino,2016-2018,Suicide Rate
Worcester,,Asian/Pacific Islander Non-Hispanic/Latino,2016-2018,Suicide Rate
State,5.3,Black or African American Non-Hispanic/Latino,2016-2018,Suicide Rate
Allegany,,Black or African American Non-Hispanic/Latino,2016-2018,Suicide Rate
Anne Arundel,,Black or African American Non-Hispanic/Latino,2016-2018,Suicide Rate
Baltimore City,5.8,Black or African American Non-Hispanic/Latino,2016-2018,Suicide Rate
Baltimore County,,Black or African American Non-Hispanic/Latino,2016-2018,Suicide Rate
Calvert,,Black or African American Non-Hispanic/Latino,2016-2018,Suicide Rate
Caroline,,Black or African American Non-Hispanic/Latino,2016-2018,Suicide Rate
Carroll,,Black or African American Non-Hispanic/Latino,2016-2018,Suicide Rate
Cecil,,Black or African American Non-Hispanic/Latino,2016-2018,Suicide Rate
Charles,,Black or African American Non-Hispanic/Latino,2016-2018,Suicide Rate
Dorchester,,Black or African American Non-Hispanic/Latino,2016-2018,Suicide Rate
Frederick,,Black or African American Non-Hispanic/Latino,2016-2018,Suicide Rate
Garrett,,Black or African American Non-Hispanic/Latino,2016-2018,Suicide Rate
Harford,,Black or African American Non-Hispanic/Latino,2016-2018,Suicide Rate
Howard,,Black or African American Non-Hispanic/Latino,2016-2018,Suicide Rate
Kent,,Black or African American Non-Hispanic/Latino,2016-2018,Suicide Rate
Montgomery,,Black or African American Non-Hispanic/Latino,2016-2018,Suicide Rate
Prince George's,5.1,Black or African American Non-Hispanic/Latino,2016-2018,Suicide Rate
Queen Anne's,,Black or African American Non-Hispanic/Latino,2016-2018,Suicide Rate
Saint Mary's,,Black or African American Non-Hispanic/Latino,2016-2018,Suicide Rate
Somerset,,Black or African American Non-Hispanic/Latino,2016-2018,Suicide Rate
Talbot,,Black or African American Non-Hispanic/Latino,2016-2018,Suicide Rate
Washington,,Black or African American Non-Hispanic/Latino,2016-2018,Suicide Rate
Wicomico,,Black or African American Non-Hispanic/Latino,2016-2018,Suicide Rate
State,4.2,Hispanic,2016-2018,Suicide Rate
Allegany,,Hispanic,2016-2018,Suicide Rate
Anne Arundel,,Hispanic,2016-2018,Suicide Rate
Baltimore City,,Hispanic,2016-2018,Suicide Rate
Baltimore County,,Hispanic,2016-2018,Suicide Rate
Calvert,,Hispanic,2016-2018,Suicide Rate
Caroline,,Hispanic,2016-2018,Suicide Rate
Carroll,,Hispanic,2016-2018,Suicide Rate
Cecil,,Hispanic,2016-2018,Suicide Rate
Charles,,Hispanic,2016-2018,Suicide Rate
Dorchester,,Hispanic,2016-2018,Suicide Rate
Frederick,,Hispanic,2016-2018,Suicide Rate
Garrett,,Hispanic,2016-2018,Suicide Rate
Harford,,Hispanic,2016-2018,Suicide Rate
Howard,,Hispanic,2016-2018,Suicide Rate
Kent,,Hispanic,2016-2018,Suicide Rate
Montgomery,,Hispanic,2016-2018,Suicide Rate
Prince George's,,Hispanic,2016-2018,Suicide Rate
Queen Anne's,,Hispanic,2016-2018,Suicide Rate
Kent,,American Indian/Alaska Native Non-Hispanic/Latino,2016-2018,Suicide Rate
Montgomery,,American Indian/Alaska Native Non-Hispanic/Latino,2016-2018,Suicide Rate
Prince George's,,American Indian/Alaska Native Non-Hispanic/Latino,2016-2018,Suicide Rate
Queen Anne's,,American Indian/Alaska Native Non-Hispanic/Latino,2016-2018,Suicide Rate
Saint Mary's,,American Indian/Alaska Native Non-Hispanic/Latino,2016-2018,Suicide Rate
Somerset,,American Indian/Alaska Native Non-Hispanic/Latino,2016-2018,Suicide Rate
Talbot,,American Indian/Alaska Native Non-Hispanic/Latino,2016-2018,Suicide Rate
Washington,,American Indian/Alaska Native Non-Hispanic/Latino,2016-2018,Suicide Rate
Wicomico,,American Indian/Alaska Native Non-Hispanic/Latino,2016-2018,Suicide Rate
Worcester,,American Indian/Alaska Native Non-Hispanic/Latino,2016-2018,Suicide Rate
Saint Mary's,,Hispanic,2016-2018,Suicide Rate
Somerset,,Hispanic,2016-2018,Suicide Rate
Talbot,,Hispanic,2016-2018,Suicide Rate
Washington,,Hispanic,2016-2018,Suicide Rate
Wicomico,,Hispanic,2016-2018,Suicide Rate
Worcester,,Hispanic,2016-2018,Suicide Rate
Anne Arundel,,Black or African American Non-Hispanic/Latino,2017-2019,Suicide Rate
Baltimore City,6.1,Black or African American Non-Hispanic/Latino,2017-2019,Suicide Rate
Baltimore County,,Black or African American Non-Hispanic/Latino,2017-2019,Suicide Rate
Calvert,,Black or African American Non-Hispanic/Latino,2017-2019,Suicide Rate
Caroline,,Black or African American Non-Hispanic/Latino,2017-2019,Suicide Rate
Carroll,,Black or African American Non-Hispanic/Latino,2017-2019,Suicide Rate
Cecil,,Black or African American Non-Hispanic/Latino,2017-2019,Suicide Rate
Charles,,Black or African American Non-Hispanic/Latino,2017-2019,Suicide Rate
Dorchester,,Black or African American Non-Hispanic/Latino,2017-2019,Suicide Rate
Frederick,,Black or African American Non-Hispanic/Latino,2017-2019,Suicide Rate
Garrett,,Black or African American Non-Hispanic/Latino,2017-2019,Suicide Rate
Harford,,Black or African American Non-Hispanic/Latino,2017-2019,Suicide Rate
Howard,,Black or African American Non-Hispanic/Latino,2017-2019,Suicide Rate
Kent,,Black or African American Non-Hispanic/Latino,2017-2019,Suicide Rate
Montgomery,,Black or African American Non-Hispanic/Latino,2017-2019,Suicide Rate
Prince George's,,Black or African American Non-Hispanic/Latino,2017-2019,Suicide Rate
Queen Anne's,,Black or African American Non-Hispanic/Latino,2017-2019,Suicide Rate
Saint Mary's,,Black or African American Non-Hispanic/Latino,2017-2019,Suicide Rate
Somerset,,Black or African American Non-Hispanic/Latino,2017-2019,Suicide Rate
Talbot,,Black or African American Non-Hispanic/Latino,2017-2019,Suicide Rate
Washington,,Black or African American Non-Hispanic/Latino,2017-2019,Suicide Rate
Wicomico,,Black or African American Non-Hispanic/Latino,2017-2019,Suicide Rate
Worcester,,Black or African American Non-Hispanic/Latino,2017-2019,Suicide Rate
State,14.1,White Non-Hispanic/Latino,2017-2019,Suicide Rate
Allegany,,White Non-Hispanic/Latino,2017-2019,Suicide Rate
Anne Arundel,16.7,White Non-Hispanic/Latino,2017-2019,Suicide Rate
Baltimore City,17.6,White Non-Hispanic/Latino,2017-2019,Suicide Rate
Baltimore County,14.0,White Non-Hispanic/Latino,2017-2019,Suicide Rate
Calvert,,White Non-Hispanic/Latino,2017-2019,Suicide Rate
Caroline,,White Non-Hispanic/Latino,2017-2019,Suicide Rate
Carroll,14.1,White Non-Hispanic/Latino,2017-2019,Suicide Rate
Cecil,21.7,White Non-Hispanic/Latino,2017-2019,Suicide Rate
Charles,,White Non-Hispanic/Latino,2017-2019,Suicide Rate
Dorchester,,White Non-Hispanic/Latino,2017-2019,Suicide Rate
Frederick,14.1,White Non-Hispanic/Latino,2017-2019,Suicide Rate
Garrett,,White Non-Hispanic/Latino,2017-2019,Suicide Rate
Harford,12.5,White Non-Hispanic/Latino,2017-2019,Suicide Rate
Howard,10.7,White Non-Hispanic/Latino,2017-2019,Suicide Rate
Kent,,White Non-Hispanic/Latino,2017-2019,Suicide Rate
Montgomery,10.1,White Non-Hispanic/Latino,2017-2019,Suicide Rate
Prince George's,15.8,White Non-Hispanic/Latino,2017-2019,Suicide Rate
Queen Anne's,,White Non-Hispanic/Latino,2017-2019,Suicide Rate
Saint Mary's,,White Non-Hispanic/Latino,2017-2019,Suicide Rate
Somerset,,White Non-Hispanic/Latino,2017-2019,Suicide Rate
Talbot,,White Non-Hispanic/Latino,2017-2019,Suicide Rate
Washington,,White Non-Hispanic/Latino,2017-2019,Suicide Rate
Wicomico,,White Non-Hispanic/Latino,2017-2019,Suicide Rate
Worcester,,White Non-Hispanic/Latino,2017-2019,Suicide Rate
State,6.6,Asian/Pacific Islander Non-Hispanic/Latino,2017-2019,Suicide Rate
Allegany,,Asian/Pacific Islander Non-Hispanic/Latino,2017-2019,Suicide Rate
Anne Arundel,,Asian/Pacific Islander Non-Hispanic/Latino,2017-2019,Suicide Rate
Baltimore City,,Asian/Pacific Islander Non-Hispanic/Latino,2017-2019,Suicide Rate
Baltimore County,,Asian/Pacific Islander Non-Hispanic/Latino,2017-2019,Suicide Rate
Calvert,,Asian/Pacific Islander Non-Hispanic/Latino,2017-2019,Suicide Rate
Caroline,,Asian/Pacific Islander Non-Hispanic/Latino,2017-2019,Suicide Rate
Carroll,,Asian/Pacific Islander Non-Hispanic/Latino,2017-2019,Suicide Rate
Cecil,,Asian/Pacific Islander Non-Hispanic/Latino,2017-2019,Suicide Rate
Charles,,Asian/Pacific Islander Non-Hispanic/Latino,2017-2019,Suicide Rate
Dorchester,,Asian/Pacific Islander Non-Hispanic/Latino,2017-2019,Suicide Rate
Frederick,,Asian/Pacific Islander Non-Hispanic/Latino,2017-2019,Suicide Rate
Garrett,,Asian/Pacific Islander Non-Hispanic/Latino,2017-2019,Suicide Rate
Harford,,Asian/Pacific Islander Non-Hispanic/Latino,2017-2019,Suicide Rate
Howard,,Asian/Pacific Islander Non-Hispanic/Latino,2017-2019,Suicide Rate
Kent,,Asian/Pacific Islander Non-Hispanic/Latino,2017-2019,Suicide Rate
Montgomery,,Asian/Pacific Islander Non-Hispanic/Latino,2017-2019,Suicide Rate
Prince George's,,Asian/Pacific Islander Non-Hispanic/Latino,2017-2019,Suicide Rate
Queen Anne's,,Asian/Pacific Islander Non-Hispanic/Latino,2017-2019,Suicide Rate
Saint Mary's,,Asian/Pacific Islander Non-Hispanic/Latino,2017-2019,Suicide Rate
Somerset,,Asian/Pacific Islander Non-Hispanic/Latino,2017-2019,Suicide Rate
Talbot,,Asian/Pacific Islander Non-Hispanic/Latino,2017-2019,Suicide Rate
Washington,,Asian/Pacific Islander Non-Hispanic/Latino,2017-2019,Suicide Rate
Wicomico,,Asian/Pacific Islander Non-Hispanic/Latino,2017-2019,Suicide Rate
Worcester,,Asian/Pacific Islander Non-Hispanic/Latino,2017-2019,Suicide Rate
State,,American Indian/Alaska Native Non-Hispanic/Latino,2017-2019,Suicide Rate
Allegany,,American Indian/Alaska Native Non-Hispanic/Latino,2017-2019,Suicide Rate
Anne Arundel,,American Indian/Alaska Native Non-Hispanic/Latino,2017-2019,Suicide Rate
Baltimore City,,American Indian/Alaska Native Non-Hispanic/Latino,2017-2019,Suicide Rate
Baltimore County,,American Indian/Alaska Native Non-Hispanic/Latino,2017-2019,Suicide Rate
Calvert,,American Indian/Alaska Native Non-Hispanic/Latino,2017-2019,Suicide Rate
Caroline,,American Indian/Alaska Native Non-Hispanic/Latino,2017-2019,Suicide Rate
Carroll,,American Indian/Alaska Native Non-Hispanic/Latino,2017-2019,Suicide Rate
Cecil,,American Indian/Alaska Native Non-Hispanic/Latino,2017-2019,Suicide Rate
Charles,,American Indian/Alaska Native Non-Hispanic/Latino,2017-2019,Suicide Rate
Dorchester,,American Indian/Alaska Native Non-Hispanic/Latino,2017-2019,Suicide Rate
Frederick,,American Indian/Alaska Native Non-Hispanic/Latino,2017-2019,Suicide Rate
Garrett,,American Indian/Alaska Native Non-Hispanic/Latino,2017-2019,Suicide Rate
Harford,,American Indian/Alaska Native Non-Hispanic/Latino,2017-2019,Suicide Rate
Howard,,American Indian/Alaska Native Non-Hispanic/Latino,2017-2019,Suicide Rate
Kent,,American Indian/Alaska Native Non-Hispanic/Latino,2017-2019,Suicide Rate
Montgomery,,American Indian/Alaska Native Non-Hispanic/Latino,2017-2019,Suicide Rate
Prince George's,,American Indian/Alaska Native Non-Hispanic/Latino,2017-2019,Suicide Rate
Queen Anne's,,American Indian/Alaska Native Non-Hispanic/Latino,2017-2019,Suicide Rate
Saint Mary's,,American Indian/Alaska Native Non-Hispanic/Latino,2017-2019,Suicide Rate
Somerset,,American Indian/Alaska Native Non-Hispanic/Latino,2017-2019,Suicide Rate
Talbot,,American Indian/Alaska Native Non-Hispanic/Latino,2017-2019,Suicide Rate
Washington,,American Indian/Alaska Native Non-Hispanic/Latino,2017-2019,Suicide Rate
Wicomico,,American Indian/Alaska Native Non-Hispanic/Latino,2017-2019,Suicide Rate
Worcester,,American Indian/Alaska Native Non-Hispanic/Latino,2017-2019,Suicide Rate
State,4.3,Hispanic,2017-2019,Suicide Rate
Allegany,,Hispanic,2017-2019,Suicide Rate
Anne Arundel,,Hispanic,2017-2019,Suicide Rate
Baltimore City,,Hispanic,2017-2019,Suicide Rate
Baltimore County,,Hispanic,2017-2019,Suicide Rate
Calvert,,Hispanic,2017-2019,Suicide Rate
Caroline,,Hispanic,2017-2019,Suicide Rate
Carroll,,Hispanic,2017-2019,Suicide Rate
Cecil,,Hispanic,2017-2019,Suicide Rate
Charles,,Hispanic,2017-2019,Suicide Rate
Dorchester,,Hispanic,2017-2019,Suicide Rate
Frederick,,Hispanic,2017-2019,Suicide Rate
Garrett,,Hispanic,2017-2019,Suicide Rate
Harford,,Hispanic,2017-2019,Suicide Rate
Howard,,Hispanic,2017-2019,Suicide Rate
Kent,,Hispanic,2017-2019,Suicide Rate
Montgomery,,Hispanic,2017-2019,Suicide Rate
Prince George's,,Hispanic,2017-2019,Suicide Rate
Queen Anne's,,Hispanic,2017-2019,Suicide Rate
Saint Mary's,,Hispanic,2017-2019,Suicide Rate
Somerset,,Hispanic,2017-2019,Suicide Rate
Talbot,,Hispanic,2017-2019,Suicide Rate
Washington,,Hispanic,2017-2019,Suicide Rate
Wicomico,,Hispanic,2017-2019,Suicide Rate
Worcester,,Hispanic,2017-2019,Suicide Rate
Allegany,,Black or African American Non-Hispanic/Latino,2017-2019,Suicide Rate
State,5.6,Black or African American Non-Hispanic/Latino,2017-2019,Suicide Rate
State,10.1,All races/ ethnicities (aggregated),2017-2019,Suicide Rate
Allegany,,All races/ ethnicities (aggregated),2017-2019,Suicide Rate
Anne Arundel,13.7,All races/ ethnicities (aggregated),2017-2019,Suicide Rate
Baltimore City,9.0,All races/ ethnicities (aggregated),2017-2019,Suicide Rate
Baltimore County,10.7,All races/ ethnicities (aggregated),2017-2019,Suicide Rate
Calvert,,All races/ ethnicities (aggregated),2017-2019,Suicide Rate
Caroline,,All races/ ethnicities (aggregated),2017-2019,Suicide Rate
Carroll,13.4,All races/ ethnicities (aggregated),2017-2019,Suicide Rate
Cecil,19.2,All races/ ethnicities (aggregated),2017-2019,Suicide Rate
Charles,,All races/ ethnicities (aggregated),2017-2019,Suicide Rate
Dorchester,,All races/ ethnicities (aggregated),2017-2019,Suicide Rate
Frederick,12.4,All races/ ethnicities (aggregated),2017-2019,Suicide Rate
Garrett,,All races/ ethnicities (aggregated),2017-2019,Suicide Rate
Harford,11.4,All races/ ethnicities (aggregated),2017-2019,Suicide Rate
Howard,8.3,All races/ ethnicities (aggregated),2017-2019,Suicide Rate
Kent,,All races/ ethnicities (aggregated),2017-2019,Suicide Rate
Montgomery,7.5,All races/ ethnicities (aggregated),2017-2019,Suicide Rate
Prince George's,6.6,All races/ ethnicities (aggregated),2017-2019,Suicide Rate
Queen Anne's,,All races/ ethnicities (aggregated),2017-2019,Suicide Rate
Saint Mary's,,All races/ ethnicities (aggregated),2017-2019,Suicide Rate
Somerset,,All races/ ethnicities (aggregated),2017-2019,Suicide Rate
Talbot,,All races/ ethnicities (aggregated),2017-2019,Suicide Rate
Washington,14.4,All races/ ethnicities (aggregated),2017-2019,Suicide Rate
Wicomico,,All races/ ethnicities (aggregated),2017-2019,Suicide Rate
Worcester,,All races/ ethnicities (aggregated),2017-2019,Suicide Rate
State,6.2,Asian/Pacific Islander Non-Hispanic/Latino,2018-2020,Suicide Rate
Allegany,,Asian/Pacific Islander Non-Hispanic/Latino,2018-2020,Suicide Rate
Anne Arundel,,Asian/Pacific Islander Non-Hispanic/Latino,2018-2020,Suicide Rate
Baltimore City,,Asian/Pacific Islander Non-Hispanic/Latino,2018-2020,Suicide Rate
Baltimore County,,Asian/Pacific Islander Non-Hispanic/Latino,2018-2020,Suicide Rate
Calvert,,Asian/Pacific Islander Non-Hispanic/Latino,2018-2020,Suicide Rate
Caroline,,Asian/Pacific Islander Non-Hispanic/Latino,2018-2020,Suicide Rate
Carroll,,Asian/Pacific Islander Non-Hispanic/Latino,2018-2020,Suicide Rate
Cecil,,Asian/Pacific Islander Non-Hispanic/Latino,2018-2020,Suicide Rate
Charles,,Asian/Pacific Islander Non-Hispanic/Latino,2018-2020,Suicide Rate
Dorchester,,Asian/Pacific Islander Non-Hispanic/Latino,2018-2020,Suicide Rate
Frederick,,Asian/Pacific Islander Non-Hispanic/Latino,2018-2020,Suicide Rate
Garrett,,Asian/Pacific Islander Non-Hispanic/Latino,2018-2020,Suicide Rate
Harford,,Asian/Pacific Islander Non-Hispanic/Latino,2018-2020,Suicide Rate
Howard,,Asian/Pacific Islander Non-Hispanic/Latino,2018-2020,Suicide Rate
Kent,,Asian/Pacific Islander Non-Hispanic/Latino,2018-2020,Suicide Rate
Montgomery,,Asian/Pacific Islander Non-Hispanic/Latino,2018-2020,Suicide Rate
Prince George's,,Asian/Pacific Islander Non-Hispanic/Latino,2018-2020,Suicide Rate
Queen Anne's,,Asian/Pacific Islander Non-Hispanic/Latino,2018-2020,Suicide Rate
Saint Mary's,,Asian/Pacific Islander Non-Hispanic/Latino,2018-2020,Suicide Rate
Somerset,,Asian/Pacific Islander Non-Hispanic/Latino,2018-2020,Suicide Rate
Talbot,,Asian/Pacific Islander Non-Hispanic/Latino,2018-2020,Suicide Rate
Washington,,Asian/Pacific Islander Non-Hispanic/Latino,2018-2020,Suicide Rate
Wicomico,,Asian/Pacific Islander Non-Hispanic/Latino,2018-2020,Suicide Rate
Worcester,,Asian/Pacific Islander Non-Hispanic/Latino,2018-2020,Suicide Rate
State,,American Indian/Alaska Native Non-Hispanic/Latino,2018-2020,Suicide Rate
Allegany,,American Indian/Alaska Native Non-Hispanic/Latino,2018-2020,Suicide Rate
Anne Arundel,,American Indian/Alaska Native Non-Hispanic/Latino,2018-2020,Suicide Rate
Baltimore City,,American Indian/Alaska Native Non-Hispanic/Latino,2018-2020,Suicide Rate
Baltimore County,,American Indian/Alaska Native Non-Hispanic/Latino,2018-2020,Suicide Rate
Calvert,,American Indian/Alaska Native Non-Hispanic/Latino,2018-2020,Suicide Rate
Caroline,,American Indian/Alaska Native Non-Hispanic/Latino,2018-2020,Suicide Rate
Carroll,,American Indian/Alaska Native Non-Hispanic/Latino,2018-2020,Suicide Rate
Cecil,,American Indian/Alaska Native Non-Hispanic/Latino,2018-2020,Suicide Rate
Charles,,American Indian/Alaska Native Non-Hispanic/Latino,2018-2020,Suicide Rate
Dorchester,,American Indian/Alaska Native Non-Hispanic/Latino,2018-2020,Suicide Rate
Frederick,,American Indian/Alaska Native Non-Hispanic/Latino,2018-2020,Suicide Rate
Garrett,,American Indian/Alaska Native Non-Hispanic/Latino,2018-2020,Suicide Rate
Harford,,American Indian/Alaska Native Non-Hispanic/Latino,2018-2020,Suicide Rate
Howard,,American Indian/Alaska Native Non-Hispanic/Latino,2018-2020,Suicide Rate
Kent,,American Indian/Alaska Native Non-Hispanic/Latino,2018-2020,Suicide Rate
Montgomery,,American Indian/Alaska Native Non-Hispanic/Latino,2018-2020,Suicide Rate
Prince George's,,American Indian/Alaska Native Non-Hispanic/Latino,2018-2020,Suicide Rate
Queen Anne's,,American Indian/Alaska Native Non-Hispanic/Latino,2018-2020,Suicide Rate
Saint Mary's,,American Indian/Alaska Native Non-Hispanic/Latino,2018-2020,Suicide Rate
Somerset,,American Indian/Alaska Native Non-Hispanic/Latino,2018-2020,Suicide Rate
Talbot,,American Indian/Alaska Native Non-Hispanic/Latino,2018-2020,Suicide Rate
Washington,,American Indian/Alaska Native Non-Hispanic/Latino,2018-2020,Suicide Rate
Wicomico,,American Indian/Alaska Native Non-Hispanic/Latino,2018-2020,Suicide Rate
Worcester,,American Indian/Alaska Native Non-Hispanic/Latino,2018-2020,Suicide Rate
State,13.7,White Non-Hispanic/Latino,2018-2020,Suicide Rate
Allegany,,White Non-Hispanic/Latino,2018-2020,Suicide Rate
Anne Arundel,15.0,White Non-Hispanic/Latino,2018-2020,Suicide Rate
Baltimore City,17.3,White Non-Hispanic/Latino,2018-2020,Suicide Rate
Baltimore County,13.8,White Non-Hispanic/Latino,2018-2020,Suicide Rate
Calvert,,White Non-Hispanic/Latino,2018-2020,Suicide Rate
Caroline,,White Non-Hispanic/Latino,2018-2020,Suicide Rate
Carroll,12.7,White Non-Hispanic/Latino,2018-2020,Suicide Rate
Cecil,,White Non-Hispanic/Latino,2018-2020,Suicide Rate
Charles,,White Non-Hispanic/Latino,2018-2020,Suicide Rate
Dorchester,,White Non-Hispanic/Latino,2018-2020,Suicide Rate
Frederick,14.6,White Non-Hispanic/Latino,2018-2020,Suicide Rate
Garrett,,White Non-Hispanic/Latino,2018-2020,Suicide Rate
Harford,14.9,White Non-Hispanic/Latino,2018-2020,Suicide Rate
Howard,,White Non-Hispanic/Latino,2018-2020,Suicide Rate
Kent,,White Non-Hispanic/Latino,2018-2020,Suicide Rate
Montgomery,11.1,White Non-Hispanic/Latino,2018-2020,Suicide Rate
Prince George's,16.4,White Non-Hispanic/Latino,2018-2020,Suicide Rate
Queen Anne's,,White Non-Hispanic/Latino,2018-2020,Suicide Rate
Saint Mary's,,White Non-Hispanic/Latino,2018-2020,Suicide Rate
Somerset,,White Non-Hispanic/Latino,2018-2020,Suicide Rate
Talbot,,White Non-Hispanic/Latino,2018-2020,Suicide Rate
Washington,16.2,White Non-Hispanic/Latino,2018-2020,Suicide Rate
Wicomico,,White Non-Hispanic/Latino,2018-2020,Suicide Rate
Worcester,,White Non-Hispanic/Latino,2018-2020,Suicide Rate
State,4.7,Hispanic,2018-2020,Suicide Rate
Allegany,,Hispanic,2018-2020,Suicide Rate
Anne Arundel,,Hispanic,2018-2020,Suicide Rate
Baltimore City,,Hispanic,2018-2020,Suicide Rate
Baltimore County,,Hispanic,2018-2020,Suicide Rate
Calvert,,Hispanic,2018-2020,Suicide Rate
Caroline,,Hispanic,2018-2020,Suicide Rate
Carroll,,Hispanic,2018-2020,Suicide Rate
Cecil,,Hispanic,2018-2020,Suicide Rate
Charles,,Hispanic,2018-2020,Suicide Rate
Dorchester,,Hispanic,2018-2020,Suicide Rate
Frederick,,Hispanic,2018-2020,Suicide Rate
Garrett,,Hispanic,2018-2020,Suicide Rate
Harford,,Hispanic,2018-2020,Suicide Rate
Howard,,Hispanic,2018-2020,Suicide Rate
Kent,,Hispanic,2018-2020,Suicide Rate
Montgomery,,Hispanic,2018-2020,Suicide Rate
Prince George's,,Hispanic,2018-2020,Suicide Rate
Queen Anne's,,Hispanic,2018-2020,Suicide Rate
Saint Mary's,,Hispanic,2018-2020,Suicide Rate
Somerset,,Hispanic,2018-2020,Suicide Rate
Talbot,,Hispanic,2018-2020,Suicide Rate
Washington,,Hispanic,2018-2020,Suicide Rate
Wicomico,,Hispanic,2018-2020,Suicide Rate
Worcester,,Hispanic,2018-2020,Suicide Rate
State,5.7,Black or African American Non-Hispanic/Latino,2018-2020,Suicide Rate
Allegany,,Black or African American Non-Hispanic/Latino,2018-2020,Suicide Rate
Anne Arundel,,Black or African American Non-Hispanic/Latino,2018-2020,Suicide Rate
Baltimore City,6.1,Black or African American Non-Hispanic/Latino,2018-2020,Suicide Rate
Baltimore County,,Black or African American Non-Hispanic/Latino,2018-2020,Suicide Rate
Calvert,,Black or African American Non-Hispanic/Latino,2018-2020,Suicide Rate
Caroline,,Black or African American Non-Hispanic/Latino,2018-2020,Suicide Rate
Carroll,,Black or African American Non-Hispanic/Latino,2018-2020,Suicide Rate
Cecil,,Black or African American Non-Hispanic/Latino,2018-2020,Suicide Rate
Charles,,Black or African American Non-Hispanic/Latino,2018-2020,Suicide Rate
Dorchester,,Black or African American Non-Hispanic/Latino,2018-2020,Suicide Rate
Frederick,,Black or African American Non-Hispanic/Latino,2018-2020,Suicide Rate
Garrett,,Black or African American Non-Hispanic/Latino,2018-2020,Suicide Rate
Harford,,Black or African American Non-Hispanic/Latino,2018-2020,Suicide Rate
Howard,,Black or African American Non-Hispanic/Latino,2018-2020,Suicide Rate
Kent,,Black or African American Non-Hispanic/Latino,2018-2020,Suicide Rate
Montgomery,,Black or African American Non-Hispanic/Latino,2018-2020,Suicide Rate
Prince George's,5.5,Black or African American Non-Hispanic/Latino,2018-2020,Suicide Rate
Queen Anne's,,Black or African American Non-Hispanic/Latino,2018-2020,Suicide Rate
Saint Mary's,,Black or African American Non-Hispanic/Latino,2018-2020,Suicide Rate
Somerset,,Black or African American Non-Hispanic/Latino,2018-2020,Suicide Rate
Talbot,,Black or African American Non-Hispanic/Latino,2018-2020,Suicide Rate
Washington,,Black or African American Non-Hispanic/Latino,2018-2020,Suicide Rate
Wicomico,,Black or African American Non-Hispanic/Latino,2018-2020,Suicide Rate
Worcester,,Black or African American Non-Hispanic/Latino,2018-2020,Suicide Rate
State,9.9,All races/ ethnicities (aggregated),2018-2020,Suicide Rate
Allegany,,All races/ ethnicities (aggregated),2018-2020,Suicide Rate
Anne Arundel,12.2,All races/ ethnicities (aggregated),2018-2020,Suicide Rate
Baltimore City,8.8,All races/ ethnicities (aggregated),2018-2020,Suicide Rate
Baltimore County,11.0,All races/ ethnicities (aggregated),2018-2020,Suicide Rate
Calvert,,All races/ ethnicities (aggregated),2018-2020,Suicide Rate
Caroline,,All races/ ethnicities (aggregated),2018-2020,Suicide Rate
Carroll,12.1,All races/ ethnicities (aggregated),2018-2020,Suicide Rate
Cecil,,All races/ ethnicities (aggregated),2018-2020,Suicide Rate
Charles,,All races/ ethnicities (aggregated),2018-2020,Suicide Rate
Dorchester,,All races/ ethnicities (aggregated),2018-2020,Suicide Rate
Frederick,13.0,All races/ ethnicities (aggregated),2018-2020,Suicide Rate
Garrett,,All races/ ethnicities (aggregated),2018-2020,Suicide Rate
Harford,13.4,All races/ ethnicities (aggregated),2018-2020,Suicide Rate
Howard,7.6,All races/ ethnicities (aggregated),2018-2020,Suicide Rate
Kent,,All races/ ethnicities (aggregated),2018-2020,Suicide Rate
Montgomery,7.8,All races/ ethnicities (aggregated),2018-2020,Suicide Rate
Prince George's,6.4,All races/ ethnicities (aggregated),2018-2020,Suicide Rate
Queen Anne's,,All races/ ethnicities (aggregated),2018-2020,Suicide Rate
Saint Mary's,,All races/ ethnicities (aggregated),2018-2020,Suicide Rate
Somerset,,All races/ ethnicities (aggregated),2018-2020,Suicide Rate
Talbot,,All races/ ethnicities (aggregated),2018-2020,Suicide Rate
Washington,14.5,All races/ ethnicities (aggregated),2018-2020,Suicide Rate
Wicomico,,All races/ ethnicities (aggregated),2018-2020,Suicide Rate
Worcester,,All races/ ethnicities (aggregated),2018-2020,Suicide Rate
